description,coefficient,model_value,hold_fast,min,max,damping,method,tolerance,default_increment,tours
SHARED2 calibration coefficient for zero-auto households' work individual tours,coef_calib_zeroautohhindivtou_SHARED2_work,len(tours[(tours.tour_mode == 'SHARED2') & tours.household_id.isin(households[households.auto_ownership == 0].index) & (get_tour_group(tours) == 'work') & (tours.tour_category != 'joint')]),False,-5,5,1,log_ratio,0.01,2,151.87421757494
SHARED3 calibration coefficient for zero-auto households' work individual tours,coef_calib_zeroautohhindivtou_SHARED3_work,len(tours[(tours.tour_mode == 'SHARED3') & tours.household_id.isin(households[households.auto_ownership == 0].index) & (get_tour_group(tours) == 'work') & (tours.tour_category != 'joint')]),False,-5,5,1,log_ratio,0.01,2,0.0
WALK calibration coefficient for zero-auto households' work individual tours,coef_calib_zeroautohhindivtou_WALK_work,len(tours[(tours.tour_mode == 'WALK') & tours.household_id.isin(households[households.auto_ownership == 0].index) & (get_tour_group(tours) == 'work') & (tours.tour_category != 'joint')]),False,-5,5,1,log_ratio,0.01,2,790.221420803447
BIKE calibration coefficient for zero-auto households' work individual tours,coef_calib_zeroautohhindivtou_BIKE_work,len(tours[(tours.tour_mode == 'BIKE') & tours.household_id.isin(households[households.auto_ownership == 0].index) & (get_tour_group(tours) == 'work') & (tours.tour_category != 'joint')]),False,-5,5,1,log_ratio,0.01,2,0.0
WALK_TRANSIT calibration coefficient for zero-auto households' work individual tours,coef_calib_zeroautohhindivtou_WALK_TRANSIT_work,len(tours[(tours.tour_mode == 'WALK_TRANSIT') & tours.household_id.isin(households[households.auto_ownership == 0].index) & (get_tour_group(tours) == 'work') & (tours.tour_category != 'joint')]),False,-5,5,1,log_ratio,0.01,2,4323.969105522798
PNR_TRANSIT calibration coefficient for zero-auto households' work individual tours,coef_calib_zeroautohhindivtou_PNR_TRANSIT_work,len(tours[(tours.tour_mode == 'PNR_TRANSIT') & tours.household_id.isin(households[households.auto_ownership == 0].index) & (get_tour_group(tours) == 'work') & (tours.tour_category != 'joint')]),False,-5,5,1,log_ratio,0.01,2,0.0
KNR_TRANSIT calibration coefficient for zero-auto households' work individual tours,coef_calib_zeroautohhindivtou_KNR_TRANSIT_work,len(tours[(tours.tour_mode == 'KNR_TRANSIT') & tours.household_id.isin(households[households.auto_ownership == 0].index) & (get_tour_group(tours) == 'work') & (tours.tour_category != 'joint')]),False,-5,5,1,log_ratio,0.01,2,286.1612591479606
TNC_TRANSIT calibration coefficient for zero-auto households' work individual tours,coef_calib_zeroautohhindivtou_TNC_TRANSIT_work,len(tours[(tours.tour_mode == 'TNC_TRANSIT') & tours.household_id.isin(households[households.auto_ownership == 0].index) & (get_tour_group(tours) == 'work') & (tours.tour_category != 'joint')]),False,-5,5,1,log_ratio,0.01,2,9.8773380966108
TAXI calibration coefficient for zero-auto households' work individual tours,coef_calib_zeroautohhindivtou_TAXI_work,len(tours[(tours.tour_mode == 'TAXI') & tours.household_id.isin(households[households.auto_ownership == 0].index) & (get_tour_group(tours) == 'work') & (tours.tour_category != 'joint')]),False,-5,5,1,log_ratio,0.01,2,0.0
TNC_SINGLE calibration coefficient for zero-auto households' work individual tours,coef_calib_zeroautohhindivtou_TNC_SINGLE_work,len(tours[(tours.tour_mode == 'TNC_SINGLE') & tours.household_id.isin(households[households.auto_ownership == 0].index) & (get_tour_group(tours) == 'work') & (tours.tour_category != 'joint')]),False,-5,5,1,log_ratio,0.01,2,496.078623958397
TNC_SHARED calibration coefficient for zero-auto households' work individual tours,coef_calib_zeroautohhindivtou_TNC_SHARED_work,len(tours[(tours.tour_mode == 'TNC_SHARED') & tours.household_id.isin(households[households.auto_ownership == 0].index) & (get_tour_group(tours) == 'work') & (tours.tour_category != 'joint')]),False,-5,5,1,log_ratio,0.01,2,0.0
SHARED2 calibration coefficient for auto-deficient households' work individual tours,coef_calib_autodeficienthhind_SHARED2_work,len(tours[(tours.tour_mode == 'SHARED2') & tours.household_id.isin(households[(households.auto_ownership < households.num_adults) & (households.auto_ownership > 0)].index) & (get_tour_group(tours) == 'work') & (tours.tour_category != 'joint')]),False,-5,5,1,log_ratio,0.01,2,26042.7995240626
SHARED3 calibration coefficient for auto-deficient households' work individual tours,coef_calib_autodeficienthhind_SHARED3_work,len(tours[(tours.tour_mode == 'SHARED3') & tours.household_id.isin(households[(households.auto_ownership < households.num_adults) & (households.auto_ownership > 0)].index) & (get_tour_group(tours) == 'work') & (tours.tour_category != 'joint')]),False,-5,5,1,log_ratio,0.01,2,22306.8953970716
WALK calibration coefficient for auto-deficient households' work individual tours,coef_calib_autodeficienthhind_WALK_work,len(tours[(tours.tour_mode == 'WALK') & tours.household_id.isin(households[(households.auto_ownership < households.num_adults) & (households.auto_ownership > 0)].index) & (get_tour_group(tours) == 'work') & (tours.tour_category != 'joint')]),False,-5,5,1,log_ratio,0.01,2,8920.80633456379
BIKE calibration coefficient for auto-deficient households' work individual tours,coef_calib_autodeficienthhind_BIKE_work,len(tours[(tours.tour_mode == 'BIKE') & tours.household_id.isin(households[(households.auto_ownership < households.num_adults) & (households.auto_ownership > 0)].index) & (get_tour_group(tours) == 'work') & (tours.tour_category != 'joint')]),False,-5,5,1,log_ratio,0.01,2,529.2243619855
WALK_TRANSIT calibration coefficient for auto-deficient households' work individual tours,coef_calib_autodeficienthhind_WALK_TRANSIT_work,len(tours[(tours.tour_mode == 'WALK_TRANSIT') & tours.household_id.isin(households[(households.auto_ownership < households.num_adults) & (households.auto_ownership > 0)].index) & (get_tour_group(tours) == 'work') & (tours.tour_category != 'joint')]),False,-5,5,1,log_ratio,0.01,2,2403.69808367458
PNR_TRANSIT calibration coefficient for auto-deficient households' work individual tours,coef_calib_autodeficienthhind_PNR_TRANSIT_work,len(tours[(tours.tour_mode == 'PNR_TRANSIT') & tours.household_id.isin(households[(households.auto_ownership < households.num_adults) & (households.auto_ownership > 0)].index) & (get_tour_group(tours) == 'work') & (tours.tour_category != 'joint')]),False,-5,5,1,log_ratio,0.01,2,734.0107064431742
KNR_TRANSIT calibration coefficient for auto-deficient households' work individual tours,coef_calib_autodeficienthhind_KNR_TRANSIT_work,len(tours[(tours.tour_mode == 'KNR_TRANSIT') & tours.household_id.isin(households[(households.auto_ownership < households.num_adults) & (households.auto_ownership > 0)].index) & (get_tour_group(tours) == 'work') & (tours.tour_category != 'joint')]),False,-5,5,1,log_ratio,0.01,2,1191.1691069594551
TNC_TRANSIT calibration coefficient for auto-deficient households' work individual tours,coef_calib_autodeficienthhind_TNC_TRANSIT_work,len(tours[(tours.tour_mode == 'TNC_TRANSIT') & tours.household_id.isin(households[(households.auto_ownership < households.num_adults) & (households.auto_ownership > 0)].index) & (get_tour_group(tours) == 'work') & (tours.tour_category != 'joint')]),False,-5,5,1,log_ratio,0.01,2,0.0
TAXI calibration coefficient for auto-deficient households' work individual tours,coef_calib_autodeficienthhind_TAXI_work,len(tours[(tours.tour_mode == 'TAXI') & tours.household_id.isin(households[(households.auto_ownership < households.num_adults) & (households.auto_ownership > 0)].index) & (get_tour_group(tours) == 'work') & (tours.tour_category != 'joint')]),False,-5,5,1,log_ratio,0.02,2,0.0
TNC_SINGLE calibration coefficient for auto-deficient households' work individual tours,coef_calib_autodeficienthhind_TNC_SINGLE_work,len(tours[(tours.tour_mode == 'TNC_SINGLE') & tours.household_id.isin(households[(households.auto_ownership < households.num_adults) & (households.auto_ownership > 0)].index) & (get_tour_group(tours) == 'work') & (tours.tour_category != 'joint')]),False,-5,5,1,log_ratio,0.01,2,245.348853515889
TNC_SHARED calibration coefficient for auto-deficient households' work individual tours,coef_calib_autodeficienthhind_TNC_SHARED_work,len(tours[(tours.tour_mode == 'TNC_SHARED') & tours.household_id.isin(households[(households.auto_ownership < households.num_adults) & (households.auto_ownership > 0)].index) & (get_tour_group(tours) == 'work') & (tours.tour_category != 'joint')]),False,-5,5,1,log_ratio,0.01,2,0.0
SHARED2 calibration coefficient for auto-sufficient households' work individual tours,coef_calib_autosufficienthhin_SHARED2_work,len(tours[(tours.tour_mode == 'SHARED2') & tours.household_id.isin(households[(households.auto_ownership >= households.num_adults) & (households.auto_ownership > 0)].index) & (get_tour_group(tours) == 'work') & (tours.tour_category != 'joint')]),False,-5,5,1,log_ratio,0.01,2,58408.4206202484
SHARED3 calibration coefficient for auto-sufficient households' work individual tours,coef_calib_autosufficienthhin_SHARED3_work,len(tours[(tours.tour_mode == 'SHARED3') & tours.household_id.isin(households[(households.auto_ownership >= households.num_adults) & (households.auto_ownership > 0)].index) & (get_tour_group(tours) == 'work') & (tours.tour_category != 'joint')]),False,-5,5,1,log_ratio,0.01,2,55110.1468983703
WALK calibration coefficient for auto-sufficient households' work individual tours,coef_calib_autosufficienthhin_WALK_work,len(tours[(tours.tour_mode == 'WALK') & tours.household_id.isin(households[(households.auto_ownership >= households.num_adults) & (households.auto_ownership > 0)].index) & (get_tour_group(tours) == 'work') & (tours.tour_category != 'joint')]),False,-5,5,1,log_ratio,0.01,2,893.646638424153
BIKE calibration coefficient for auto-sufficient households' work individual tours,coef_calib_autosufficienthhin_BIKE_work,len(tours[(tours.tour_mode == 'BIKE') & tours.household_id.isin(households[(households.auto_ownership >= households.num_adults) & (households.auto_ownership > 0)].index) & (get_tour_group(tours) == 'work') & (tours.tour_category != 'joint')]),False,-5,5,1,log_ratio,0.01,2,8984.97627663444
WALK_TRANSIT calibration coefficient for auto-sufficient households' work individual tours,coef_calib_autosufficienthhin_WALK_TRANSIT_work,len(tours[(tours.tour_mode == 'WALK_TRANSIT') & tours.household_id.isin(households[(households.auto_ownership >= households.num_adults) & (households.auto_ownership > 0)].index) & (get_tour_group(tours) == 'work') & (tours.tour_category != 'joint')]),False,-5,5,1,log_ratio,0.01,2,395.50898770687047
PNR_TRANSIT calibration coefficient for auto-sufficient households' work individual tours,coef_calib_autosufficienthhin_PNR_TRANSIT_work,len(tours[(tours.tour_mode == 'PNR_TRANSIT') & tours.household_id.isin(households[(households.auto_ownership >= households.num_adults) & (households.auto_ownership > 0)].index) & (get_tour_group(tours) == 'work') & (tours.tour_category != 'joint')]),False,-5,5,1,log_ratio,0.01,2,1012.9900188175084
KNR_TRANSIT calibration coefficient for auto-sufficient households' work individual tours,coef_calib_autosufficienthhin_KNR_TRANSIT_work,len(tours[(tours.tour_mode == 'KNR_TRANSIT') & tours.household_id.isin(households[(households.auto_ownership >= households.num_adults) & (households.auto_ownership > 0)].index) & (get_tour_group(tours) == 'work') & (tours.tour_category != 'joint')]),False,-5,5,1,log_ratio,0.01,2,1617.9811019737117
TNC_TRANSIT calibration coefficient for auto-sufficient households' work individual tours,coef_calib_autosufficienthhin_TNC_TRANSIT_work,len(tours[(tours.tour_mode == 'TNC_TRANSIT') & tours.household_id.isin(households[(households.auto_ownership >= households.num_adults) & (households.auto_ownership > 0)].index) & (get_tour_group(tours) == 'work') & (tours.tour_category != 'joint')]),False,-5,5,1,log_ratio,0.01,2,0.0
TAXI calibration coefficient for auto-sufficient households' work individual tours,coef_calib_autosufficienthhin_TAXI_work,len(tours[(tours.tour_mode == 'TAXI') & tours.household_id.isin(households[(households.auto_ownership >= households.num_adults) & (households.auto_ownership > 0)].index) & (get_tour_group(tours) == 'work') & (tours.tour_category != 'joint')]),False,-5,5,1,log_ratio,0.01,2,0.0
TNC_SINGLE calibration coefficient for auto-sufficient households' work individual tours,coef_calib_autosufficienthhin_TNC_SINGLE_work,len(tours[(tours.tour_mode == 'TNC_SINGLE') & tours.household_id.isin(households[(households.auto_ownership >= households.num_adults) & (households.auto_ownership > 0)].index) & (get_tour_group(tours) == 'work') & (tours.tour_category != 'joint')]),False,-5,5,1,log_ratio,0.01,2,40.0877992218947
TNC_SHARED calibration coefficient for auto-sufficient households' work individual tours,coef_calib_autosufficienthhin_TNC_SHARED_work,len(tours[(tours.tour_mode == 'TNC_SHARED') & tours.household_id.isin(households[(households.auto_ownership >= households.num_adults) & (households.auto_ownership > 0)].index) & (get_tour_group(tours) == 'work') & (tours.tour_category != 'joint')]),False,-5,5,1,log_ratio,0.01,2,0.0
SHARED2 calibration coefficient for zero-auto households' univ individual tours,coef_calib_zeroautohhindivtou_SHARED2_univ,len(tours[(tours.tour_mode == 'SHARED2') & tours.household_id.isin(households[households.auto_ownership == 0].index) & (get_tour_group(tours) == 'univ') & (tours.tour_category != 'joint')]),False,-5,5,1,log_ratio,0.01,2,1538.0
SHARED3 calibration coefficient for zero-auto households' univ individual tours,coef_calib_zeroautohhindivtou_SHARED3_univ,len(tours[(tours.tour_mode == 'SHARED3') & tours.household_id.isin(households[households.auto_ownership == 0].index) & (get_tour_group(tours) == 'univ') & (tours.tour_category != 'joint')]),False,-5,5,1,log_ratio,0.01,2,214.0
WALK calibration coefficient for zero-auto households' univ individual tours,coef_calib_zeroautohhindivtou_WALK_univ,len(tours[(tours.tour_mode == 'WALK') & tours.household_id.isin(households[households.auto_ownership == 0].index) & (get_tour_group(tours) == 'univ') & (tours.tour_category != 'joint')]),False,-5,5,1,log_ratio,0.01,2,99.0
BIKE calibration coefficient for zero-auto households' univ individual tours,coef_calib_zeroautohhindivtou_BIKE_univ,len(tours[(tours.tour_mode == 'BIKE') & tours.household_id.isin(households[households.auto_ownership == 0].index) & (get_tour_group(tours) == 'univ') & (tours.tour_category != 'joint')]),False,-5,5,1,log_ratio,0.01,2,1233.0
WALK_TRANSIT calibration coefficient for zero-auto households' univ individual tours,coef_calib_zeroautohhindivtou_WALK_TRANSIT_univ,len(tours[(tours.tour_mode == 'WALK_TRANSIT') & tours.household_id.isin(households[households.auto_ownership == 0].index) & (get_tour_group(tours) == 'univ') & (tours.tour_category != 'joint')]),False,-5,5,1,log_ratio,0.01,2,5270.949936000001
PNR_TRANSIT calibration coefficient for zero-auto households' univ individual tours,coef_calib_zeroautohhindivtou_PNR_TRANSIT_univ,len(tours[(tours.tour_mode == 'PNR_TRANSIT') & tours.household_id.isin(households[households.auto_ownership == 0].index) & (get_tour_group(tours) == 'univ') & (tours.tour_category != 'joint')]),False,-5,5,1,log_ratio,0.02,2,89.7804
KNR_TRANSIT calibration coefficient for zero-auto households' univ individual tours,coef_calib_zeroautohhindivtou_KNR_TRANSIT_univ,len(tours[(tours.tour_mode == 'KNR_TRANSIT') & tours.household_id.isin(households[households.auto_ownership == 0].index) & (get_tour_group(tours) == 'univ') & (tours.tour_category != 'joint')]),False,-5,5,1,log_ratio,0.01,2,0.0
TNC_TRANSIT calibration coefficient for zero-auto households' univ individual tours,coef_calib_zeroautohhindivtou_TNC_TRANSIT_univ,len(tours[(tours.tour_mode == 'TNC_TRANSIT') & tours.household_id.isin(households[households.auto_ownership == 0].index) & (get_tour_group(tours) == 'univ') & (tours.tour_category != 'joint')]),False,-5,5,1,log_ratio,0.01,2,0.0
TAXI calibration coefficient for zero-auto households' univ individual tours,coef_calib_zeroautohhindivtou_TAXI_univ,len(tours[(tours.tour_mode == 'TAXI') & tours.household_id.isin(households[households.auto_ownership == 0].index) & (get_tour_group(tours) == 'univ') & (tours.tour_category != 'joint')]),False,-5,5,1,log_ratio,0.01,2,4.0
TNC_SINGLE calibration coefficient for zero-auto households' univ individual tours,coef_calib_zeroautohhindivtou_TNC_SINGLE_univ,len(tours[(tours.tour_mode == 'TNC_SINGLE') & tours.household_id.isin(households[households.auto_ownership == 0].index) & (get_tour_group(tours) == 'univ') & (tours.tour_category != 'joint')]),False,-5,5,1,log_ratio,0.01,2,0.0
TNC_SHARED calibration coefficient for zero-auto households' univ individual tours,coef_calib_zeroautohhindivtou_TNC_SHARED_univ,len(tours[(tours.tour_mode == 'TNC_SHARED') & tours.household_id.isin(households[households.auto_ownership == 0].index) & (get_tour_group(tours) == 'univ') & (tours.tour_category != 'joint')]),False,-5,5,1,log_ratio,0.01,2,0.0
SHARED2 calibration coefficient for auto-deficient households' univ individual tours,coef_calib_autodeficienthhind_SHARED2_univ,len(tours[(tours.tour_mode == 'SHARED2') & tours.household_id.isin(households[(households.auto_ownership < households.num_adults) & (households.auto_ownership > 0)].index) & (get_tour_group(tours) == 'univ') & (tours.tour_category != 'joint')]),False,-5,5,1,log_ratio,0.01,2,4261.36050935122
SHARED3 calibration coefficient for auto-deficient households' univ individual tours,coef_calib_autodeficienthhind_SHARED3_univ,len(tours[(tours.tour_mode == 'SHARED3') & tours.household_id.isin(households[(households.auto_ownership < households.num_adults) & (households.auto_ownership > 0)].index) & (get_tour_group(tours) == 'univ') & (tours.tour_category != 'joint')]),False,-5,5,1,log_ratio,0.01,2,7029.78579044377
WALK calibration coefficient for auto-deficient households' univ individual tours,coef_calib_autodeficienthhind_WALK_univ,len(tours[(tours.tour_mode == 'WALK') & tours.household_id.isin(households[(households.auto_ownership < households.num_adults) & (households.auto_ownership > 0)].index) & (get_tour_group(tours) == 'univ') & (tours.tour_category != 'joint')]),False,-5,5,1,log_ratio,0.01,2,3470.94867299096
BIKE calibration coefficient for auto-deficient households' univ individual tours,coef_calib_autodeficienthhind_BIKE_univ,len(tours[(tours.tour_mode == 'BIKE') & tours.household_id.isin(households[(households.auto_ownership < households.num_adults) & (households.auto_ownership > 0)].index) & (get_tour_group(tours) == 'univ') & (tours.tour_category != 'joint')]),False,-5,5,1,log_ratio,0.01,2,260.15240256449
WALK_TRANSIT calibration coefficient for auto-deficient households' univ individual tours,coef_calib_autodeficienthhind_WALK_TRANSIT_univ,len(tours[(tours.tour_mode == 'WALK_TRANSIT') & tours.household_id.isin(households[(households.auto_ownership < households.num_adults) & (households.auto_ownership > 0)].index) & (get_tour_group(tours) == 'univ') & (tours.tour_category != 'joint')]),False,-5,5,1,log_ratio,0.01,2,4890.927463666941
PNR_TRANSIT calibration coefficient for auto-deficient households' univ individual tours,coef_calib_autodeficienthhind_PNR_TRANSIT_univ,len(tours[(tours.tour_mode == 'PNR_TRANSIT') & tours.household_id.isin(households[(households.auto_ownership < households.num_adults) & (households.auto_ownership > 0)].index) & (get_tour_group(tours) == 'univ') & (tours.tour_category != 'joint')]),False,-5,5,1,log_ratio,0.01,2,0.0
KNR_TRANSIT calibration coefficient for auto-deficient households' univ individual tours,coef_calib_autodeficienthhind_KNR_TRANSIT_univ,len(tours[(tours.tour_mode == 'KNR_TRANSIT') & tours.household_id.isin(households[(households.auto_ownership < households.num_adults) & (households.auto_ownership > 0)].index) & (get_tour_group(tours) == 'univ') & (tours.tour_category != 'joint')]),False,-5,5,1,log_ratio,0.01,2,140.31612912784897
TNC_TRANSIT calibration coefficient for auto-deficient households' univ individual tours,coef_calib_autodeficienthhind_TNC_TRANSIT_univ,len(tours[(tours.tour_mode == 'TNC_TRANSIT') & tours.household_id.isin(households[(households.auto_ownership < households.num_adults) & (households.auto_ownership > 0)].index) & (get_tour_group(tours) == 'univ') & (tours.tour_category != 'joint')]),False,-5,5,1,log_ratio,0.01,2,0.0
TAXI calibration coefficient for auto-deficient households' univ individual tours,coef_calib_autodeficienthhind_TAXI_univ,len(tours[(tours.tour_mode == 'TAXI') & tours.household_id.isin(households[(households.auto_ownership < households.num_adults) & (households.auto_ownership > 0)].index) & (get_tour_group(tours) == 'univ') & (tours.tour_category != 'joint')]),False,-5,5,1,log_ratio,0.01,2,0.0
TNC_SINGLE calibration coefficient for auto-deficient households' univ individual tours,coef_calib_autodeficienthhind_TNC_SINGLE_univ,len(tours[(tours.tour_mode == 'TNC_SINGLE') & tours.household_id.isin(households[(households.auto_ownership < households.num_adults) & (households.auto_ownership > 0)].index) & (get_tour_group(tours) == 'univ') & (tours.tour_category != 'joint')]),False,-5,5,1,log_ratio,0.01,2,958.904704155316
TNC_SHARED calibration coefficient for auto-deficient households' univ individual tours,coef_calib_autodeficienthhind_TNC_SHARED_univ,len(tours[(tours.tour_mode == 'TNC_SHARED') & tours.household_id.isin(households[(households.auto_ownership < households.num_adults) & (households.auto_ownership > 0)].index) & (get_tour_group(tours) == 'univ') & (tours.tour_category != 'joint')]),False,-5,5,1,log_ratio,0.01,2,0.0
SHARED2 calibration coefficient for auto-sufficient households' univ individual tours,coef_calib_autosufficienthhin_SHARED2_univ,len(tours[(tours.tour_mode == 'SHARED2') & tours.household_id.isin(households[(households.auto_ownership >= households.num_adults) & (households.auto_ownership > 0)].index) & (get_tour_group(tours) == 'univ') & (tours.tour_category != 'joint')]),False,-5,5,1,log_ratio,0.01,2,3849.26677194999
SHARED3 calibration coefficient for auto-sufficient households' univ individual tours,coef_calib_autosufficienthhin_SHARED3_univ,len(tours[(tours.tour_mode == 'SHARED3') & tours.household_id.isin(households[(households.auto_ownership >= households.num_adults) & (households.auto_ownership > 0)].index) & (get_tour_group(tours) == 'univ') & (tours.tour_category != 'joint')]),False,-5,5,1,log_ratio,0.01,2,5475.71476978642
WALK calibration coefficient for auto-sufficient households' univ individual tours,coef_calib_autosufficienthhin_WALK_univ,len(tours[(tours.tour_mode == 'WALK') & tours.household_id.isin(households[(households.auto_ownership >= households.num_adults) & (households.auto_ownership > 0)].index) & (get_tour_group(tours) == 'univ') & (tours.tour_category != 'joint')]),False,-5,5,1,log_ratio,0.01,2,3278.56982505264
BIKE calibration coefficient for auto-sufficient households' univ individual tours,coef_calib_autosufficienthhin_BIKE_univ,len(tours[(tours.tour_mode == 'BIKE') & tours.household_id.isin(households[(households.auto_ownership >= households.num_adults) & (households.auto_ownership > 0)].index) & (get_tour_group(tours) == 'univ') & (tours.tour_category != 'joint')]),False,-5,5,1,log_ratio,0.01,2,76.6340969345775
WALK_TRANSIT calibration coefficient for auto-sufficient households' univ individual tours,coef_calib_autosufficienthhin_WALK_TRANSIT_univ,len(tours[(tours.tour_mode == 'WALK_TRANSIT') & tours.household_id.isin(households[(households.auto_ownership >= households.num_adults) & (households.auto_ownership > 0)].index) & (get_tour_group(tours) == 'univ') & (tours.tour_category != 'joint')]),False,-5,5,1,log_ratio,0.01,2,19.6102749650194
PNR_TRANSIT calibration coefficient for auto-sufficient households' univ individual tours,coef_calib_autosufficienthhin_PNR_TRANSIT_univ,len(tours[(tours.tour_mode == 'PNR_TRANSIT') & tours.household_id.isin(households[(households.auto_ownership >= households.num_adults) & (households.auto_ownership > 0)].index) & (get_tour_group(tours) == 'univ') & (tours.tour_category != 'joint')]),False,-5,5,1,log_ratio,0.01,2,230.05570074895877
KNR_TRANSIT calibration coefficient for auto-sufficient households' univ individual tours,coef_calib_autosufficienthhin_KNR_TRANSIT_univ,len(tours[(tours.tour_mode == 'KNR_TRANSIT') & tours.household_id.isin(households[(households.auto_ownership >= households.num_adults) & (households.auto_ownership > 0)].index) & (get_tour_group(tours) == 'univ') & (tours.tour_category != 'joint')]),False,-5,5,1,log_ratio,0.01,2,0.0
TNC_TRANSIT calibration coefficient for auto-sufficient households' univ individual tours,coef_calib_autosufficienthhin_TNC_TRANSIT_univ,len(tours[(tours.tour_mode == 'TNC_TRANSIT') & tours.household_id.isin(households[(households.auto_ownership >= households.num_adults) & (households.auto_ownership > 0)].index) & (get_tour_group(tours) == 'univ') & (tours.tour_category != 'joint')]),False,-5,5,1,log_ratio,0.01,2,0.0
TAXI calibration coefficient for auto-sufficient households' univ individual tours,coef_calib_autosufficienthhin_TAXI_univ,len(tours[(tours.tour_mode == 'TAXI') & tours.household_id.isin(households[(households.auto_ownership >= households.num_adults) & (households.auto_ownership > 0)].index) & (get_tour_group(tours) == 'univ') & (tours.tour_category != 'joint')]),False,-5,5,1,log_ratio,0.01,2,0.0
TNC_SINGLE calibration coefficient for auto-sufficient households' univ individual tours,coef_calib_autosufficienthhin_TNC_SINGLE_univ,len(tours[(tours.tour_mode == 'TNC_SINGLE') & tours.household_id.isin(households[(households.auto_ownership >= households.num_adults) & (households.auto_ownership > 0)].index) & (get_tour_group(tours) == 'univ') & (tours.tour_category != 'joint')]),False,-5,5,1,log_ratio,0.01,2,0.0
TNC_SHARED calibration coefficient for auto-sufficient households' univ individual tours,coef_calib_autosufficienthhin_TNC_SHARED_univ,len(tours[(tours.tour_mode == 'TNC_SHARED') & tours.household_id.isin(households[(households.auto_ownership >= households.num_adults) & (households.auto_ownership > 0)].index) & (get_tour_group(tours) == 'univ') & (tours.tour_category != 'joint')]),False,-5,5,1,log_ratio,0.01,2,0.0
SHARED2 calibration coefficient for zero-auto households' school individual tours,coef_calib_zeroautohhindivtou_SHARED2_school,len(tours[(tours.tour_mode == 'SHARED2') & tours.household_id.isin(households[households.auto_ownership == 0].index) & (get_tour_group(tours) == 'school') & (tours.tour_category != 'joint')]),False,-5,5,1,log_ratio,0.01,2,0.0
SHARED3 calibration coefficient for zero-auto households' school individual tours,coef_calib_zeroautohhindivtou_SHARED3_school,len(tours[(tours.tour_mode == 'SHARED3') & tours.household_id.isin(households[households.auto_ownership == 0].index) & (get_tour_group(tours) == 'school') & (tours.tour_category != 'joint')]),False,-5,5,1,log_ratio,0.01,2,283.638030645744
WALK calibration coefficient for zero-auto households' school individual tours,coef_calib_zeroautohhindivtou_WALK_school,len(tours[(tours.tour_mode == 'WALK') & tours.household_id.isin(households[households.auto_ownership == 0].index) & (get_tour_group(tours) == 'school') & (tours.tour_category != 'joint')]),False,-5,5,1,log_ratio,0.01,2,40.0723114816791
BIKE calibration coefficient for zero-auto households' school individual tours,coef_calib_zeroautohhindivtou_BIKE_school,len(tours[(tours.tour_mode == 'BIKE') & tours.household_id.isin(households[households.auto_ownership == 0].index) & (get_tour_group(tours) == 'school') & (tours.tour_category != 'joint')]),False,-5,5,1,log_ratio,0.01,2,0.0
WALK_TRANSIT calibration coefficient for zero-auto households' school individual tours,coef_calib_zeroautohhindivtou_WALK_TRANSIT_school,len(tours[(tours.tour_mode == 'WALK_TRANSIT') & tours.household_id.isin(households[households.auto_ownership == 0].index) & (get_tour_group(tours) == 'school') & (tours.tour_category != 'joint')]),False,-5,5,1,log_ratio,0.01,2,34.24452988729453
PNR_TRANSIT calibration coefficient for zero-auto households' school individual tours,coef_calib_zeroautohhindivtou_PNR_TRANSIT_school,len(tours[(tours.tour_mode == 'PNR_TRANSIT') & tours.household_id.isin(households[households.auto_ownership == 0].index) & (get_tour_group(tours) == 'school') & (tours.tour_category != 'joint')]),False,-5,5,1,log_ratio,0.01,2,0.0
KNR_TRANSIT calibration coefficient for zero-auto households' school individual tours,coef_calib_zeroautohhindivtou_KNR_TRANSIT_school,len(tours[(tours.tour_mode == 'KNR_TRANSIT') & tours.household_id.isin(households[households.auto_ownership == 0].index) & (get_tour_group(tours) == 'school') & (tours.tour_category != 'joint')]),False,-5,5,1,log_ratio,0.01,2,0.0
TNC_TRANSIT calibration coefficient for zero-auto households' school individual tours,coef_calib_zeroautohhindivtou_TNC_TRANSIT_school,len(tours[(tours.tour_mode == 'TNC_TRANSIT') & tours.household_id.isin(households[households.auto_ownership == 0].index) & (get_tour_group(tours) == 'school') & (tours.tour_category != 'joint')]),False,-5,5,1,log_ratio,0.01,2,0.0
TAXI calibration coefficient for zero-auto households' school individual tours,coef_calib_zeroautohhindivtou_TAXI_school,len(tours[(tours.tour_mode == 'TAXI') & tours.household_id.isin(households[households.auto_ownership == 0].index) & (get_tour_group(tours) == 'school') & (tours.tour_category != 'joint')]),False,-5,5,1,log_ratio,0.01,2,0.0
TNC_SINGLE calibration coefficient for zero-auto households' school individual tours,coef_calib_zeroautohhindivtou_TNC_SINGLE_school,len(tours[(tours.tour_mode == 'TNC_SINGLE') & tours.household_id.isin(households[households.auto_ownership == 0].index) & (get_tour_group(tours) == 'school') & (tours.tour_category != 'joint')]),False,-5,5,1,log_ratio,0.01,2,0.0
TNC_SHARED calibration coefficient for zero-auto households' school individual tours,coef_calib_zeroautohhindivtou_TNC_SHARED_school,len(tours[(tours.tour_mode == 'TNC_SHARED') & tours.household_id.isin(households[households.auto_ownership == 0].index) & (get_tour_group(tours) == 'school') & (tours.tour_category != 'joint')]),False,-5,5,1,log_ratio,0.01,2,0.0
SCH_BUS calibration coefficient for zero-auto households' school individual tours,coef_calib_zeroautohhindivtou_SCH_BUS_school,len(tours[(tours.tour_mode == 'SCH_BUS') & tours.household_id.isin(households[households.auto_ownership == 0].index) & (get_tour_group(tours) == 'school') & (tours.tour_category != 'joint')]),False,-5,5,1,log_ratio,0.01,2,149.895019270037
SHARED2 calibration coefficient for auto-deficient households' school individual tours,coef_calib_autodeficienthhind_SHARED2_school,len(tours[(tours.tour_mode == 'SHARED2') & tours.household_id.isin(households[(households.auto_ownership < households.num_adults) & (households.auto_ownership > 0)].index) & (get_tour_group(tours) == 'school') & (tours.tour_category != 'joint')]),False,-5,5,1,log_ratio,0.01,2,23075.8097766524
SHARED3 calibration coefficient for auto-deficient households' school individual tours,coef_calib_autodeficienthhind_SHARED3_school,len(tours[(tours.tour_mode == 'SHARED3') & tours.household_id.isin(households[(households.auto_ownership < households.num_adults) & (households.auto_ownership > 0)].index) & (get_tour_group(tours) == 'school') & (tours.tour_category != 'joint')]),False,-5,5,1,log_ratio,0.01,2,47209.0185256672
WALK calibration coefficient for auto-deficient households' school individual tours,coef_calib_autodeficienthhind_WALK_school,len(tours[(tours.tour_mode == 'WALK') & tours.household_id.isin(households[(households.auto_ownership < households.num_adults) & (households.auto_ownership > 0)].index) & (get_tour_group(tours) == 'school') & (tours.tour_category != 'joint')]),False,-5,5,1,log_ratio,0.01,2,11641.4345244784
BIKE calibration coefficient for auto-deficient households' school individual tours,coef_calib_autodeficienthhind_BIKE_school,len(tours[(tours.tour_mode == 'BIKE') & tours.household_id.isin(households[(households.auto_ownership < households.num_adults) & (households.auto_ownership > 0)].index) & (get_tour_group(tours) == 'school') & (tours.tour_category != 'joint')]),False,-5,5,1,log_ratio,0.01,2,46.9319312323893
WALK_TRANSIT calibration coefficient for auto-deficient households' school individual tours,coef_calib_autodeficienthhind_WALK_TRANSIT_school,len(tours[(tours.tour_mode == 'WALK_TRANSIT') & tours.household_id.isin(households[(households.auto_ownership < households.num_adults) & (households.auto_ownership > 0)].index) & (get_tour_group(tours) == 'school') & (tours.tour_category != 'joint')]),False,-5,5,1,log_ratio,0.01,2,25.25248552134667
PNR_TRANSIT calibration coefficient for auto-deficient households' school individual tours,coef_calib_autodeficienthhind_PNR_TRANSIT_school,len(tours[(tours.tour_mode == 'PNR_TRANSIT') & tours.household_id.isin(households[(households.auto_ownership < households.num_adults) & (households.auto_ownership > 0)].index) & (get_tour_group(tours) == 'school') & (tours.tour_category != 'joint')]),False,-5,5,1,log_ratio,0.01,2,0.0
KNR_TRANSIT calibration coefficient for auto-deficient households' school individual tours,coef_calib_autodeficienthhind_KNR_TRANSIT_school,len(tours[(tours.tour_mode == 'KNR_TRANSIT') & tours.household_id.isin(households[(households.auto_ownership < households.num_adults) & (households.auto_ownership > 0)].index) & (get_tour_group(tours) == 'school') & (tours.tour_category != 'joint')]),False,-5,5,1,log_ratio,0.01,2,0.0
TNC_TRANSIT calibration coefficient for auto-deficient households' school individual tours,coef_calib_autodeficienthhind_TNC_TRANSIT_school,len(tours[(tours.tour_mode == 'TNC_TRANSIT') & tours.household_id.isin(households[(households.auto_ownership < households.num_adults) & (households.auto_ownership > 0)].index) & (get_tour_group(tours) == 'school') & (tours.tour_category != 'joint')]),False,-5,5,1,log_ratio,0.01,2,0.0
TAXI calibration coefficient for auto-deficient households' school individual tours,coef_calib_autodeficienthhind_TAXI_school,len(tours[(tours.tour_mode == 'TAXI') & tours.household_id.isin(households[(households.auto_ownership < households.num_adults) & (households.auto_ownership > 0)].index) & (get_tour_group(tours) == 'school') & (tours.tour_category != 'joint')]),False,-5,5,1,log_ratio,0.01,2,0.0
TNC_SINGLE calibration coefficient for auto-deficient households' school individual tours,coef_calib_autodeficienthhind_TNC_SINGLE_school,len(tours[(tours.tour_mode == 'TNC_SINGLE') & tours.household_id.isin(households[(households.auto_ownership < households.num_adults) & (households.auto_ownership > 0)].index) & (get_tour_group(tours) == 'school') & (tours.tour_category != 'joint')]),False,-5,5,1,log_ratio,0.01,2,0.0
TNC_SHARED calibration coefficient for auto-deficient households' school individual tours,coef_calib_autodeficienthhind_TNC_SHARED_school,len(tours[(tours.tour_mode == 'TNC_SHARED') & tours.household_id.isin(households[(households.auto_ownership < households.num_adults) & (households.auto_ownership > 0)].index) & (get_tour_group(tours) == 'school') & (tours.tour_category != 'joint')]),False,-5,5,1,log_ratio,0.01,2,0.0
SCH_BUS calibration coefficient for auto-deficient households' school individual tours,coef_calib_autodeficienthhind_SCH_BUS_school,len(tours[(tours.tour_mode == 'SCH_BUS') & tours.household_id.isin(households[(households.auto_ownership < households.num_adults) & (households.auto_ownership > 0)].index) & (get_tour_group(tours) == 'school') & (tours.tour_category != 'joint')]),False,-5,5,1,log_ratio,0.01,2,3914.69624565127
SHARED2 calibration coefficient for auto-sufficient households' school individual tours,coef_calib_autosufficienthhin_SHARED2_school,len(tours[(tours.tour_mode == 'SHARED2') & tours.household_id.isin(households[(households.auto_ownership >= households.num_adults) & (households.auto_ownership > 0)].index) & (get_tour_group(tours) == 'school') & (tours.tour_category != 'joint')]),False,-5,5,1,log_ratio,0.01,2,61895.2784711561
SHARED3 calibration coefficient for auto-sufficient households' school individual tours,coef_calib_autosufficienthhin_SHARED3_school,len(tours[(tours.tour_mode == 'SHARED3') & tours.household_id.isin(households[(households.auto_ownership >= households.num_adults) & (households.auto_ownership > 0)].index) & (get_tour_group(tours) == 'school') & (tours.tour_category != 'joint')]),False,-5,5,1,log_ratio,0.01,2,110477.613997313
WALK calibration coefficient for auto-sufficient households' school individual tours,coef_calib_autosufficienthhin_WALK_school,len(tours[(tours.tour_mode == 'WALK') & tours.household_id.isin(households[(households.auto_ownership >= households.num_adults) & (households.auto_ownership > 0)].index) & (get_tour_group(tours) == 'school') & (tours.tour_category != 'joint')]),False,-5,5,1,log_ratio,0.01,2,38533.6915400734
BIKE calibration coefficient for auto-sufficient households' school individual tours,coef_calib_autosufficienthhin_BIKE_school,len(tours[(tours.tour_mode == 'BIKE') & tours.household_id.isin(households[(households.auto_ownership >= households.num_adults) & (households.auto_ownership > 0)].index) & (get_tour_group(tours) == 'school') & (tours.tour_category != 'joint')]),False,-5,5,1,log_ratio,0.01,2,18535.4952470399
WALK_TRANSIT calibration coefficient for auto-sufficient households' school individual tours,coef_calib_autosufficienthhin_WALK_TRANSIT_school,len(tours[(tours.tour_mode == 'WALK_TRANSIT') & tours.household_id.isin(households[(households.auto_ownership >= households.num_adults) & (households.auto_ownership > 0)].index) & (get_tour_group(tours) == 'school') & (tours.tour_category != 'joint')]),False,-5,5,1,log_ratio,0.01,2,2065.791992850749
PNR_TRANSIT calibration coefficient for auto-sufficient households' school individual tours,coef_calib_autosufficienthhin_PNR_TRANSIT_school,len(tours[(tours.tour_mode == 'PNR_TRANSIT') & tours.household_id.isin(households[(households.auto_ownership >= households.num_adults) & (households.auto_ownership > 0)].index) & (get_tour_group(tours) == 'school') & (tours.tour_category != 'joint')]),False,-5,5,1,log_ratio,0.01,2,0.0
KNR_TRANSIT calibration coefficient for auto-sufficient households' school individual tours,coef_calib_autosufficienthhin_KNR_TRANSIT_school,len(tours[(tours.tour_mode == 'KNR_TRANSIT') & tours.household_id.isin(households[(households.auto_ownership >= households.num_adults) & (households.auto_ownership > 0)].index) & (get_tour_group(tours) == 'school') & (tours.tour_category != 'joint')]),False,-5,5,1,log_ratio,0.01,2,0.0
TNC_TRANSIT calibration coefficient for auto-sufficient households' school individual tours,coef_calib_autosufficienthhin_TNC_TRANSIT_school,len(tours[(tours.tour_mode == 'TNC_TRANSIT') & tours.household_id.isin(households[(households.auto_ownership >= households.num_adults) & (households.auto_ownership > 0)].index) & (get_tour_group(tours) == 'school') & (tours.tour_category != 'joint')]),False,-5,5,1,log_ratio,0.01,2,0.0
TAXI calibration coefficient for auto-sufficient households' school individual tours,coef_calib_autosufficienthhin_TAXI_school,len(tours[(tours.tour_mode == 'TAXI') & tours.household_id.isin(households[(households.auto_ownership >= households.num_adults) & (households.auto_ownership > 0)].index) & (get_tour_group(tours) == 'school') & (tours.tour_category != 'joint')]),False,-5,5,1,log_ratio,0.01,2,0.0
TNC_SINGLE calibration coefficient for auto-sufficient households' school individual tours,coef_calib_autosufficienthhin_TNC_SINGLE_school,len(tours[(tours.tour_mode == 'TNC_SINGLE') & tours.household_id.isin(households[(households.auto_ownership >= households.num_adults) & (households.auto_ownership > 0)].index) & (get_tour_group(tours) == 'school') & (tours.tour_category != 'joint')]),False,-5,5,1,log_ratio,0.01,2,0.0
TNC_SHARED calibration coefficient for auto-sufficient households' school individual tours,coef_calib_autosufficienthhin_TNC_SHARED_school,len(tours[(tours.tour_mode == 'TNC_SHARED') & tours.household_id.isin(households[(households.auto_ownership >= households.num_adults) & (households.auto_ownership > 0)].index) & (get_tour_group(tours) == 'school') & (tours.tour_category != 'joint')]),False,-5,5,1,log_ratio,0.01,2,0.0
SCH_BUS calibration coefficient for auto-sufficient households' school individual tours,coef_calib_autosufficienthhin_SCH_BUS_school,len(tours[(tours.tour_mode == 'SCH_BUS') & tours.household_id.isin(households[(households.auto_ownership >= households.num_adults) & (households.auto_ownership > 0)].index) & (get_tour_group(tours) == 'school') & (tours.tour_category != 'joint')]),False,-5,5,1,log_ratio,0.01,2,518.042163493812
SHARED2 calibration coefficient for zero-auto households' atwork individual tours,coef_calib_zeroautohhindivtou_SHARED2_atwork,len(tours[(tours.tour_mode == 'SHARED2') & tours.household_id.isin(households[households.auto_ownership == 0].index) & (get_tour_group(tours) == 'atwork') & (tours.tour_category != 'joint')]),False,-5,5,1,log_ratio,0.01,2,0.0
SHARED3 calibration coefficient for zero-auto households' atwork individual tours,coef_calib_zeroautohhindivtou_SHARED3_atwork,len(tours[(tours.tour_mode == 'SHARED3') & tours.household_id.isin(households[households.auto_ownership == 0].index) & (get_tour_group(tours) == 'atwork') & (tours.tour_category != 'joint')]),False,-5,5,1,log_ratio,0.01,2,0.0
WALK calibration coefficient for zero-auto households' atwork individual tours,coef_calib_zeroautohhindivtou_WALK_atwork,len(tours[(tours.tour_mode == 'WALK') & tours.household_id.isin(households[households.auto_ownership == 0].index) & (get_tour_group(tours) == 'atwork') & (tours.tour_category != 'joint')]),False,-5,5,1,log_ratio,0.01,2,343.70703775641
BIKE calibration coefficient for zero-auto households' atwork individual tours,coef_calib_zeroautohhindivtou_BIKE_atwork,len(tours[(tours.tour_mode == 'BIKE') & tours.household_id.isin(households[households.auto_ownership == 0].index) & (get_tour_group(tours) == 'atwork') & (tours.tour_category != 'joint')]),False,-5,5,1,log_ratio,0.01,2,0.0
WALK_TRANSIT calibration coefficient for zero-auto households' atwork individual tours,coef_calib_zeroautohhindivtou_WALK_TRANSIT_atwork,len(tours[(tours.tour_mode == 'WALK_TRANSIT') & tours.household_id.isin(households[households.auto_ownership == 0].index) & (get_tour_group(tours) == 'atwork') & (tours.tour_category != 'joint')]),False,-5,5,1,log_ratio,0.01,2,39.57354679811292
PNR_TRANSIT calibration coefficient for zero-auto households' atwork individual tours,coef_calib_zeroautohhindivtou_PNR_TRANSIT_atwork,len(tours[(tours.tour_mode == 'PNR_TRANSIT') & tours.household_id.isin(households[households.auto_ownership == 0].index) & (get_tour_group(tours) == 'atwork') & (tours.tour_category != 'joint')]),False,-5,5,1,log_ratio,0.01,2,0.0
KNR_TRANSIT calibration coefficient for zero-auto households' atwork individual tours,coef_calib_zeroautohhindivtou_KNR_TRANSIT_atwork,len(tours[(tours.tour_mode == 'KNR_TRANSIT') & tours.household_id.isin(households[households.auto_ownership == 0].index) & (get_tour_group(tours) == 'atwork') & (tours.tour_category != 'joint')]),False,-5,5,1,log_ratio,0.01,2,0.0
TNC_TRANSIT calibration coefficient for zero-auto households' atwork individual tours,coef_calib_zeroautohhindivtou_TNC_TRANSIT_atwork,len(tours[(tours.tour_mode == 'TNC_TRANSIT') & tours.household_id.isin(households[households.auto_ownership == 0].index) & (get_tour_group(tours) == 'atwork') & (tours.tour_category != 'joint')]),False,-5,5,1,log_ratio,0.01,2,0.0
TAXI calibration coefficient for zero-auto households' atwork individual tours,coef_calib_zeroautohhindivtou_TAXI_atwork,len(tours[(tours.tour_mode == 'TAXI') & tours.household_id.isin(households[households.auto_ownership == 0].index) & (get_tour_group(tours) == 'atwork') & (tours.tour_category != 'joint')]),False,-5,5,1,log_ratio,0.01,2,0.0
TNC_SINGLE calibration coefficient for zero-auto households' atwork individual tours,coef_calib_zeroautohhindivtou_TNC_SINGLE_atwork,len(tours[(tours.tour_mode == 'TNC_SINGLE') & tours.household_id.isin(households[households.auto_ownership == 0].index) & (get_tour_group(tours) == 'atwork') & (tours.tour_category != 'joint')]),False,-5,5,1,log_ratio,0.01,2,0.0
TNC_SHARED calibration coefficient for zero-auto households' atwork individual tours,coef_calib_zeroautohhindivtou_TNC_SHARED_atwork,len(tours[(tours.tour_mode == 'TNC_SHARED') & tours.household_id.isin(households[households.auto_ownership == 0].index) & (get_tour_group(tours) == 'atwork') & (tours.tour_category != 'joint')]),False,-5,5,1,log_ratio,0.01,2,0.0
SHARED2 calibration coefficient for auto-deficient households' atwork individual tours,coef_calib_autodeficienthhind_SHARED2_atwork,len(tours[(tours.tour_mode == 'SHARED2') & tours.household_id.isin(households[(households.auto_ownership < households.num_adults) & (households.auto_ownership > 0)].index) & (get_tour_group(tours) == 'atwork') & (tours.tour_category != 'joint')]),False,-5,5,1,log_ratio,0.01,2,6983.50642153205
SHARED3 calibration coefficient for auto-deficient households' atwork individual tours,coef_calib_autodeficienthhind_SHARED3_atwork,len(tours[(tours.tour_mode == 'SHARED3') & tours.household_id.isin(households[(households.auto_ownership < households.num_adults) & (households.auto_ownership > 0)].index) & (get_tour_group(tours) == 'atwork') & (tours.tour_category != 'joint')]),False,-5,5,1,log_ratio,0.01,2,1540.95247287085
WALK calibration coefficient for auto-deficient households' atwork individual tours,coef_calib_autodeficienthhind_WALK_atwork,len(tours[(tours.tour_mode == 'WALK') & tours.household_id.isin(households[(households.auto_ownership < households.num_adults) & (households.auto_ownership > 0)].index) & (get_tour_group(tours) == 'atwork') & (tours.tour_category != 'joint')]),False,-5,5,1,log_ratio,0.01,2,472.507749578968
BIKE calibration coefficient for auto-deficient households' atwork individual tours,coef_calib_autodeficienthhind_BIKE_atwork,len(tours[(tours.tour_mode == 'BIKE') & tours.household_id.isin(households[(households.auto_ownership < households.num_adults) & (households.auto_ownership > 0)].index) & (get_tour_group(tours) == 'atwork') & (tours.tour_category != 'joint')]),False,-5,5,1,log_ratio,0.01,2,9.64292490868824
WALK_TRANSIT calibration coefficient for auto-deficient households' atwork individual tours,coef_calib_autodeficienthhind_WALK_TRANSIT_atwork,len(tours[(tours.tour_mode == 'WALK_TRANSIT') & tours.household_id.isin(households[(households.auto_ownership < households.num_adults) & (households.auto_ownership > 0)].index) & (get_tour_group(tours) == 'atwork') & (tours.tour_category != 'joint')]),False,-5,5,1,log_ratio,0.01,2,0.0
PNR_TRANSIT calibration coefficient for auto-deficient households' atwork individual tours,coef_calib_autodeficienthhind_PNR_TRANSIT_atwork,len(tours[(tours.tour_mode == 'PNR_TRANSIT') & tours.household_id.isin(households[(households.auto_ownership < households.num_adults) & (households.auto_ownership > 0)].index) & (get_tour_group(tours) == 'atwork') & (tours.tour_category != 'joint')]),False,-5,5,1,log_ratio,0.01,2,0.0
KNR_TRANSIT calibration coefficient for auto-deficient households' atwork individual tours,coef_calib_autodeficienthhind_KNR_TRANSIT_atwork,len(tours[(tours.tour_mode == 'KNR_TRANSIT') & tours.household_id.isin(households[(households.auto_ownership < households.num_adults) & (households.auto_ownership > 0)].index) & (get_tour_group(tours) == 'atwork') & (tours.tour_category != 'joint')]),False,-5,5,1,log_ratio,0.01,2,0.0
TNC_TRANSIT calibration coefficient for auto-deficient households' atwork individual tours,coef_calib_autodeficienthhind_TNC_TRANSIT_atwork,len(tours[(tours.tour_mode == 'TNC_TRANSIT') & tours.household_id.isin(households[(households.auto_ownership < households.num_adults) & (households.auto_ownership > 0)].index) & (get_tour_group(tours) == 'atwork') & (tours.tour_category != 'joint')]),False,-5,5,1,log_ratio,0.01,2,0.0
TAXI calibration coefficient for auto-deficient households' atwork individual tours,coef_calib_autodeficienthhind_TAXI_atwork,len(tours[(tours.tour_mode == 'TAXI') & tours.household_id.isin(households[(households.auto_ownership < households.num_adults) & (households.auto_ownership > 0)].index) & (get_tour_group(tours) == 'atwork') & (tours.tour_category != 'joint')]),False,-5,5,1,log_ratio,0.01,2,0.0
TNC_SINGLE calibration coefficient for auto-deficient households' atwork individual tours,coef_calib_autodeficienthhind_TNC_SINGLE_atwork,len(tours[(tours.tour_mode == 'TNC_SINGLE') & tours.household_id.isin(households[(households.auto_ownership < households.num_adults) & (households.auto_ownership > 0)].index) & (get_tour_group(tours) == 'atwork') & (tours.tour_category != 'joint')]),False,-5,5,1,log_ratio,0.01,2,0.0
TNC_SHARED calibration coefficient for auto-deficient households' atwork individual tours,coef_calib_autodeficienthhind_TNC_SHARED_atwork,len(tours[(tours.tour_mode == 'TNC_SHARED') & tours.household_id.isin(households[(households.auto_ownership < households.num_adults) & (households.auto_ownership > 0)].index) & (get_tour_group(tours) == 'atwork') & (tours.tour_category != 'joint')]),False,-5,5,1,log_ratio,0.01,2,0.0
SHARED2 calibration coefficient for auto-sufficient households' atwork individual tours,coef_calib_autosufficienthhin_SHARED2_atwork,len(tours[(tours.tour_mode == 'SHARED2') & tours.household_id.isin(households[(households.auto_ownership >= households.num_adults) & (households.auto_ownership > 0)].index) & (get_tour_group(tours) == 'atwork') & (tours.tour_category != 'joint')]),False,-5,5,1,log_ratio,0.01,2,4866.23052118086
SHARED3 calibration coefficient for auto-sufficient households' atwork individual tours,coef_calib_autosufficienthhin_SHARED3_atwork,len(tours[(tours.tour_mode == 'SHARED3') & tours.household_id.isin(households[(households.auto_ownership >= households.num_adults) & (households.auto_ownership > 0)].index) & (get_tour_group(tours) == 'atwork') & (tours.tour_category != 'joint')]),False,-5,5,1,log_ratio,0.01,2,4204.83292387365
WALK calibration coefficient for auto-sufficient households' atwork individual tours,coef_calib_autosufficienthhin_WALK_atwork,len(tours[(tours.tour_mode == 'WALK') & tours.household_id.isin(households[(households.auto_ownership >= households.num_adults) & (households.auto_ownership > 0)].index) & (get_tour_group(tours) == 'atwork') & (tours.tour_category != 'joint')]),False,-5,5,1,log_ratio,0.01,2,30869.3524974771
BIKE calibration coefficient for auto-sufficient households' atwork individual tours,coef_calib_autosufficienthhin_BIKE_atwork,len(tours[(tours.tour_mode == 'BIKE') & tours.household_id.isin(households[(households.auto_ownership >= households.num_adults) & (households.auto_ownership > 0)].index) & (get_tour_group(tours) == 'atwork') & (tours.tour_category != 'joint')]),False,-5,5,1,log_ratio,0.01,2,1378.93319562281
WALK_TRANSIT calibration coefficient for auto-sufficient households' atwork individual tours,coef_calib_autosufficienthhin_WALK_TRANSIT_atwork,len(tours[(tours.tour_mode == 'WALK_TRANSIT') & tours.household_id.isin(households[(households.auto_ownership >= households.num_adults) & (households.auto_ownership > 0)].index) & (get_tour_group(tours) == 'atwork') & (tours.tour_category != 'joint')]),False,-5,5,1,log_ratio,0.01,2,0.0
PNR_TRANSIT calibration coefficient for auto-sufficient households' atwork individual tours,coef_calib_autosufficienthhin_PNR_TRANSIT_atwork,len(tours[(tours.tour_mode == 'PNR_TRANSIT') & tours.household_id.isin(households[(households.auto_ownership >= households.num_adults) & (households.auto_ownership > 0)].index) & (get_tour_group(tours) == 'atwork') & (tours.tour_category != 'joint')]),False,-5,5,1,log_ratio,0.01,2,0.0
KNR_TRANSIT calibration coefficient for auto-sufficient households' atwork individual tours,coef_calib_autosufficienthhin_KNR_TRANSIT_atwork,len(tours[(tours.tour_mode == 'KNR_TRANSIT') & tours.household_id.isin(households[(households.auto_ownership >= households.num_adults) & (households.auto_ownership > 0)].index) & (get_tour_group(tours) == 'atwork') & (tours.tour_category != 'joint')]),False,-5,5,1,log_ratio,0.01,2,0.0
TNC_TRANSIT calibration coefficient for auto-sufficient households' atwork individual tours,coef_calib_autosufficienthhin_TNC_TRANSIT_atwork,len(tours[(tours.tour_mode == 'TNC_TRANSIT') & tours.household_id.isin(households[(households.auto_ownership >= households.num_adults) & (households.auto_ownership > 0)].index) & (get_tour_group(tours) == 'atwork') & (tours.tour_category != 'joint')]),False,-5,5,1,log_ratio,0.01,2,0.0
TAXI calibration coefficient for auto-sufficient households' atwork individual tours,coef_calib_autosufficienthhin_TAXI_atwork,len(tours[(tours.tour_mode == 'TAXI') & tours.household_id.isin(households[(households.auto_ownership >= households.num_adults) & (households.auto_ownership > 0)].index) & (get_tour_group(tours) == 'atwork') & (tours.tour_category != 'joint')]),False,-5,5,1,log_ratio,0.01,2,0.0
TNC_SINGLE calibration coefficient for auto-sufficient households' atwork individual tours,coef_calib_autosufficienthhin_TNC_SINGLE_atwork,len(tours[(tours.tour_mode == 'TNC_SINGLE') & tours.household_id.isin(households[(households.auto_ownership >= households.num_adults) & (households.auto_ownership > 0)].index) & (get_tour_group(tours) == 'atwork') & (tours.tour_category != 'joint')]),False,-5,5,1,log_ratio,0.01,2,0.0
TNC_SHARED calibration coefficient for auto-sufficient households' atwork individual tours,coef_calib_autosufficienthhin_TNC_SHARED_atwork,len(tours[(tours.tour_mode == 'TNC_SHARED') & tours.household_id.isin(households[(households.auto_ownership >= households.num_adults) & (households.auto_ownership > 0)].index) & (get_tour_group(tours) == 'atwork') & (tours.tour_category != 'joint')]),False,-5,5,1,log_ratio,0.01,2,0.0
SHARED2 calibration coefficient for zero-auto households' maint individual tours,coef_calib_zeroautohhindivtou_SHARED2_maint,len(tours[(tours.tour_mode == 'SHARED2') & tours.household_id.isin(households[households.auto_ownership == 0].index) & (get_tour_group(tours) == 'maint') & (tours.tour_category != 'joint')]),False,-5,5,1,log_ratio,0.01,2,1787.56186559976
SHARED3 calibration coefficient for zero-auto households' maint individual tours,coef_calib_zeroautohhindivtou_SHARED3_maint,len(tours[(tours.tour_mode == 'SHARED3') & tours.household_id.isin(households[households.auto_ownership == 0].index) & (get_tour_group(tours) == 'maint') & (tours.tour_category != 'joint')]),False,-5,5,1,log_ratio,0.01,2,599.391278527622
WALK calibration coefficient for zero-auto households' maint individual tours,coef_calib_zeroautohhindivtou_WALK_maint,len(tours[(tours.tour_mode == 'WALK') & tours.household_id.isin(households[households.auto_ownership == 0].index) & (get_tour_group(tours) == 'maint') & (tours.tour_category != 'joint')]),False,-5,5,1,log_ratio,0.01,2,10136.1543774924
BIKE calibration coefficient for zero-auto households' maint individual tours,coef_calib_zeroautohhindivtou_BIKE_maint,len(tours[(tours.tour_mode == 'BIKE') & tours.household_id.isin(households[households.auto_ownership == 0].index) & (get_tour_group(tours) == 'maint') & (tours.tour_category != 'joint')]),False,-5,5,1,log_ratio,0.01,2,0.0
WALK_TRANSIT calibration coefficient for zero-auto households' maint individual tours,coef_calib_zeroautohhindivtou_WALK_TRANSIT_maint,len(tours[(tours.tour_mode == 'WALK_TRANSIT') & tours.household_id.isin(households[households.auto_ownership == 0].index) & (get_tour_group(tours) == 'maint') & (tours.tour_category != 'joint')]),False,-5,5,1,log_ratio,0.01,2,7796.769471218247
PNR_TRANSIT calibration coefficient for zero-auto households' maint individual tours,coef_calib_zeroautohhindivtou_PNR_TRANSIT_maint,len(tours[(tours.tour_mode == 'PNR_TRANSIT') & tours.household_id.isin(households[households.auto_ownership == 0].index) & (get_tour_group(tours) == 'maint') & (tours.tour_category != 'joint')]),False,-5,5,1,log_ratio,0.01,2,83.91054305011743
KNR_TRANSIT calibration coefficient for zero-auto households' maint individual tours,coef_calib_zeroautohhindivtou_KNR_TRANSIT_maint,len(tours[(tours.tour_mode == 'KNR_TRANSIT') & tours.household_id.isin(households[households.auto_ownership == 0].index) & (get_tour_group(tours) == 'maint') & (tours.tour_category != 'joint')]),False,-5,5,1,log_ratio,0.01,2,3250.6009941330963
TNC_TRANSIT calibration coefficient for zero-auto households' maint individual tours,coef_calib_zeroautohhindivtou_TNC_TRANSIT_maint,len(tours[(tours.tour_mode == 'TNC_TRANSIT') & tours.household_id.isin(households[households.auto_ownership == 0].index) & (get_tour_group(tours) == 'maint') & (tours.tour_category != 'joint')]),False,-5,5,1,log_ratio,0.01,2,56.3385987955167
TAXI calibration coefficient for zero-auto households' maint individual tours,coef_calib_zeroautohhindivtou_TAXI_maint,len(tours[(tours.tour_mode == 'TAXI') & tours.household_id.isin(households[households.auto_ownership == 0].index) & (get_tour_group(tours) == 'maint') & (tours.tour_category != 'joint')]),False,-5,5,1,log_ratio,0.01,2,320.276190548646
TNC_SINGLE calibration coefficient for zero-auto households' maint individual tours,coef_calib_zeroautohhindivtou_TNC_SINGLE_maint,len(tours[(tours.tour_mode == 'TNC_SINGLE') & tours.household_id.isin(households[households.auto_ownership == 0].index) & (get_tour_group(tours) == 'maint') & (tours.tour_category != 'joint')]),False,-5,5,1,log_ratio,0.01,2,2764.94926723099
TNC_SHARED calibration coefficient for zero-auto households' maint individual tours,coef_calib_zeroautohhindivtou_TNC_SHARED_maint,len(tours[(tours.tour_mode == 'TNC_SHARED') & tours.household_id.isin(households[households.auto_ownership == 0].index) & (get_tour_group(tours) == 'maint') & (tours.tour_category != 'joint')]),False,-5,5,1,log_ratio,0.01,2,0.0
EBIKE calibration coefficient for zero-auto households' maint individual tours,coef_calib_zeroautohhindivtou_EBIKE_maint,len(tours[(tours.tour_mode == 'EBIKE') & tours.household_id.isin(households[households.auto_ownership == 0].index) & (get_tour_group(tours) == 'maint') & (tours.tour_category != 'joint')]),False,-5,5,1,log_ratio,0.01,2,359.797652502899
ESCOOTER calibration coefficient for zero-auto households' maint individual tours,coef_calib_zeroautohhindivtou_ESCOOTER_maint,len(tours[(tours.tour_mode == 'ESCOOTER') & tours.household_id.isin(households[households.auto_ownership == 0].index) & (get_tour_group(tours) == 'maint') & (tours.tour_category != 'joint')]),False,-5,5,1,log_ratio,0.01,2,288.741959382586
SHARED2 calibration coefficient for auto-deficient households' maint individual tours,coef_calib_autodeficienthhind_SHARED2_maint,len(tours[(tours.tour_mode == 'SHARED2') & tours.household_id.isin(households[(households.auto_ownership < households.num_adults) & (households.auto_ownership > 0)].index) & (get_tour_group(tours) == 'maint') & (tours.tour_category != 'joint')]),False,-5,5,1,log_ratio,0.01,2,115779.244494685
SHARED3 calibration coefficient for auto-deficient households' maint individual tours,coef_calib_autodeficienthhind_SHARED3_maint,len(tours[(tours.tour_mode == 'SHARED3') & tours.household_id.isin(households[(households.auto_ownership < households.num_adults) & (households.auto_ownership > 0)].index) & (get_tour_group(tours) == 'maint') & (tours.tour_category != 'joint')]),False,-5,5,1,log_ratio,0.01,2,141222.355572469
WALK calibration coefficient for auto-deficient households' maint individual tours,coef_calib_autodeficienthhind_WALK_maint,len(tours[(tours.tour_mode == 'WALK') & tours.household_id.isin(households[(households.auto_ownership < households.num_adults) & (households.auto_ownership > 0)].index) & (get_tour_group(tours) == 'maint') & (tours.tour_category != 'joint')]),False,-5,5,1,log_ratio,0.01,2,42409.8929031677
BIKE calibration coefficient for auto-deficient households' maint individual tours,coef_calib_autodeficienthhind_BIKE_maint,len(tours[(tours.tour_mode == 'BIKE') & tours.household_id.isin(households[(households.auto_ownership < households.num_adults) & (households.auto_ownership > 0)].index) & (get_tour_group(tours) == 'maint') & (tours.tour_category != 'joint')]),False,-5,5,1,log_ratio,0.01,2,483.170513427805
WALK_TRANSIT calibration coefficient for auto-deficient households' maint individual tours,coef_calib_autodeficienthhind_WALK_TRANSIT_maint,len(tours[(tours.tour_mode == 'WALK_TRANSIT') & tours.household_id.isin(households[(households.auto_ownership < households.num_adults) & (households.auto_ownership > 0)].index) & (get_tour_group(tours) == 'maint') & (tours.tour_category != 'joint')]),False,-5,5,1,log_ratio,0.01,2,4181.6411678993245
PNR_TRANSIT calibration coefficient for auto-deficient households' maint individual tours,coef_calib_autodeficienthhind_PNR_TRANSIT_maint,len(tours[(tours.tour_mode == 'PNR_TRANSIT') & tours.household_id.isin(households[(households.auto_ownership < households.num_adults) & (households.auto_ownership > 0)].index) & (get_tour_group(tours) == 'maint') & (tours.tour_category != 'joint')]),False,-5,5,1,log_ratio,0.01,2,1513.8866505603437
KNR_TRANSIT calibration coefficient for auto-deficient households' maint individual tours,coef_calib_autodeficienthhind_KNR_TRANSIT_maint,len(tours[(tours.tour_mode == 'KNR_TRANSIT') & tours.household_id.isin(households[(households.auto_ownership < households.num_adults) & (households.auto_ownership > 0)].index) & (get_tour_group(tours) == 'maint') & (tours.tour_category != 'joint')]),False,-5,5,1,log_ratio,0.01,2,5660.150693979755
TNC_TRANSIT calibration coefficient for auto-deficient households' maint individual tours,coef_calib_autodeficienthhind_TNC_TRANSIT_maint,len(tours[(tours.tour_mode == 'TNC_TRANSIT') & tours.household_id.isin(households[(households.auto_ownership < households.num_adults) & (households.auto_ownership > 0)].index) & (get_tour_group(tours) == 'maint') & (tours.tour_category != 'joint')]),False,-5,5,1,log_ratio,0.01,2,112.896716822085
TAXI calibration coefficient for auto-deficient households' maint individual tours,coef_calib_autodeficienthhind_TAXI_maint,len(tours[(tours.tour_mode == 'TAXI') & tours.household_id.isin(households[(households.auto_ownership < households.num_adults) & (households.auto_ownership > 0)].index) & (get_tour_group(tours) == 'maint') & (tours.tour_category != 'joint')]),False,-5,5,1,log_ratio,0.01,2,1627.003018142654
TNC_SINGLE calibration coefficient for auto-deficient households' maint individual tours,coef_calib_autodeficienthhind_TNC_SINGLE_maint,len(tours[(tours.tour_mode == 'TNC_SINGLE') & tours.household_id.isin(households[(households.auto_ownership < households.num_adults) & (households.auto_ownership > 0)].index) & (get_tour_group(tours) == 'maint') & (tours.tour_category != 'joint')]),False,-5,5,1,log_ratio,0.01,2,3561.47541340738
TNC_SHARED calibration coefficient for auto-deficient households' maint individual tours,coef_calib_autodeficienthhind_TNC_SHARED_maint,len(tours[(tours.tour_mode == 'TNC_SHARED') & tours.household_id.isin(households[(households.auto_ownership < households.num_adults) & (households.auto_ownership > 0)].index) & (get_tour_group(tours) == 'maint') & (tours.tour_category != 'joint')]),False,-5,5,1,log_ratio,0.01,2,0.0
EBIKE calibration coefficient for auto-deficient households' maint individual tours,coef_calib_autodeficienthhind_EBIKE_maint,len(tours[(tours.tour_mode == 'EBIKE') & tours.household_id.isin(households[(households.auto_ownership < households.num_adults) & (households.auto_ownership > 0)].index) & (get_tour_group(tours) == 'maint') & (tours.tour_category != 'joint')]),False,-5,5,1,log_ratio,0.01,2,42.7448851482284
ESCOOTER calibration coefficient for auto-deficient households' maint individual tours,coef_calib_autodeficienthhind_ESCOOTER_maint,len(tours[(tours.tour_mode == 'ESCOOTER') & tours.household_id.isin(households[(households.auto_ownership < households.num_adults) & (households.auto_ownership > 0)].index) & (get_tour_group(tours) == 'maint') & (tours.tour_category != 'joint')]),False,-5,5,1,log_ratio,0.01,2,0.0
SHARED2 calibration coefficient for auto-sufficient households' maint individual tours,coef_calib_autosufficienthhin_SHARED2_maint,len(tours[(tours.tour_mode == 'SHARED2') & tours.household_id.isin(households[(households.auto_ownership >= households.num_adults) & (households.auto_ownership > 0)].index) & (get_tour_group(tours) == 'maint') & (tours.tour_category != 'joint')]),False,-5,5,1,log_ratio,0.01,2,274988.786678214
SHARED3 calibration coefficient for auto-sufficient households' maint individual tours,coef_calib_autosufficienthhin_SHARED3_maint,len(tours[(tours.tour_mode == 'SHARED3') & tours.household_id.isin(households[(households.auto_ownership >= households.num_adults) & (households.auto_ownership > 0)].index) & (get_tour_group(tours) == 'maint') & (tours.tour_category != 'joint')]),False,-5,5,1,log_ratio,0.01,2,269018.599694904
WALK calibration coefficient for auto-sufficient households' maint individual tours,coef_calib_autosufficienthhin_WALK_maint,len(tours[(tours.tour_mode == 'WALK') & tours.household_id.isin(households[(households.auto_ownership >= households.num_adults) & (households.auto_ownership > 0)].index) & (get_tour_group(tours) == 'maint') & (tours.tour_category != 'joint')]),False,-5,5,1,log_ratio,0.01,2,87620.3629664118
BIKE calibration coefficient for auto-sufficient households' maint individual tours,coef_calib_autosufficienthhin_BIKE_maint,len(tours[(tours.tour_mode == 'BIKE') & tours.household_id.isin(households[(households.auto_ownership >= households.num_adults) & (households.auto_ownership > 0)].index) & (get_tour_group(tours) == 'maint') & (tours.tour_category != 'joint')]),False,-5,5,1,log_ratio,0.01,2,18293.148111718
WALK_TRANSIT calibration coefficient for auto-sufficient households' maint individual tours,coef_calib_autosufficienthhin_WALK_TRANSIT_maint,len(tours[(tours.tour_mode == 'WALK_TRANSIT') & tours.household_id.isin(households[(households.auto_ownership >= households.num_adults) & (households.auto_ownership > 0)].index) & (get_tour_group(tours) == 'maint') & (tours.tour_category != 'joint')]),False,-5,5,1,log_ratio,0.01,2,729.4866811119136
PNR_TRANSIT calibration coefficient for auto-sufficient households' maint individual tours,coef_calib_autosufficienthhin_PNR_TRANSIT_maint,len(tours[(tours.tour_mode == 'PNR_TRANSIT') & tours.household_id.isin(households[(households.auto_ownership >= households.num_adults) & (households.auto_ownership > 0)].index) & (get_tour_group(tours) == 'maint') & (tours.tour_category != 'joint')]),False,-5,5,1,log_ratio,0.01,2,316.54568978170056
KNR_TRANSIT calibration coefficient for auto-sufficient households' maint individual tours,coef_calib_autosufficienthhin_KNR_TRANSIT_maint,len(tours[(tours.tour_mode == 'KNR_TRANSIT') & tours.household_id.isin(households[(households.auto_ownership >= households.num_adults) & (households.auto_ownership > 0)].index) & (get_tour_group(tours) == 'maint') & (tours.tour_category != 'joint')]),False,-5,5,1,log_ratio,0.01,2,25.44221724812555
TNC_TRANSIT calibration coefficient for auto-sufficient households' maint individual tours,coef_calib_autosufficienthhin_TNC_TRANSIT_maint,len(tours[(tours.tour_mode == 'TNC_TRANSIT') & tours.household_id.isin(households[(households.auto_ownership >= households.num_adults) & (households.auto_ownership > 0)].index) & (get_tour_group(tours) == 'maint') & (tours.tour_category != 'joint')]),False,-5,5,1,log_ratio,0.01,2,0.0
TAXI calibration coefficient for auto-sufficient households' maint individual tours,coef_calib_autosufficienthhin_TAXI_maint,len(tours[(tours.tour_mode == 'TAXI') & tours.household_id.isin(households[(households.auto_ownership >= households.num_adults) & (households.auto_ownership > 0)].index) & (get_tour_group(tours) == 'maint') & (tours.tour_category != 'joint')]),False,-5,5,1,log_ratio,0.01,2,0.0
TNC_SINGLE calibration coefficient for auto-sufficient households' maint individual tours,coef_calib_autosufficienthhin_TNC_SINGLE_maint,len(tours[(tours.tour_mode == 'TNC_SINGLE') & tours.household_id.isin(households[(households.auto_ownership >= households.num_adults) & (households.auto_ownership > 0)].index) & (get_tour_group(tours) == 'maint') & (tours.tour_category != 'joint')]),False,-5,5,1,log_ratio,0.01,2,2418.33056733842
TNC_SHARED calibration coefficient for auto-sufficient households' maint individual tours,coef_calib_autosufficienthhin_TNC_SHARED_maint,len(tours[(tours.tour_mode == 'TNC_SHARED') & tours.household_id.isin(households[(households.auto_ownership >= households.num_adults) & (households.auto_ownership > 0)].index) & (get_tour_group(tours) == 'maint') & (tours.tour_category != 'joint')]),False,-5,5,1,log_ratio,0.01,2,0.0
EBIKE calibration coefficient for auto-sufficient households' maint individual tours,coef_calib_autosufficienthhin_EBIKE_maint,len(tours[(tours.tour_mode == 'EBIKE') & tours.household_id.isin(households[(households.auto_ownership >= households.num_adults) & (households.auto_ownership > 0)].index) & (get_tour_group(tours) == 'maint') & (tours.tour_category != 'joint')]),False,-5,5,1,log_ratio,0.01,2,1700.93239403006
ESCOOTER calibration coefficient for auto-sufficient households' maint individual tours,coef_calib_autosufficienthhin_ESCOOTER_maint,len(tours[(tours.tour_mode == 'ESCOOTER') & tours.household_id.isin(households[(households.auto_ownership >= households.num_adults) & (households.auto_ownership > 0)].index) & (get_tour_group(tours) == 'maint') & (tours.tour_category != 'joint')]),False,-5,5,1,log_ratio,0.01,2,0.0
SHARED2 calibration coefficient for zero-auto households' disc individual tours,coef_calib_zeroautohhindivtou_SHARED2_disc,len(tours[(tours.tour_mode == 'SHARED2') & tours.household_id.isin(households[households.auto_ownership == 0].index) & (get_tour_group(tours) == 'disc') & (tours.tour_category != 'joint')]),False,-5,5,1,log_ratio,0.01,2,2432.63826989888
SHARED3 calibration coefficient for zero-auto households' disc individual tours,coef_calib_zeroautohhindivtou_SHARED3_disc,len(tours[(tours.tour_mode == 'SHARED3') & tours.household_id.isin(households[households.auto_ownership == 0].index) & (get_tour_group(tours) == 'disc') & (tours.tour_category != 'joint')]),False,-5,5,1,log_ratio,0.01,2,150.656742365532
WALK calibration coefficient for zero-auto households' disc individual tours,coef_calib_zeroautohhindivtou_WALK_disc,len(tours[(tours.tour_mode == 'WALK') & tours.household_id.isin(households[households.auto_ownership == 0].index) & (get_tour_group(tours) == 'disc') & (tours.tour_category != 'joint')]),False,-5,5,1,log_ratio,0.01,2,21176.9865947851
BIKE calibration coefficient for zero-auto households' disc individual tours,coef_calib_zeroautohhindivtou_BIKE_disc,len(tours[(tours.tour_mode == 'BIKE') & tours.household_id.isin(households[households.auto_ownership == 0].index) & (get_tour_group(tours) == 'disc') & (tours.tour_category != 'joint')]),False,-5,5,1,log_ratio,0.01,2,84.3320154626326
WALK_TRANSIT calibration coefficient for zero-auto households' disc individual tours,coef_calib_zeroautohhindivtou_WALK_TRANSIT_disc,len(tours[(tours.tour_mode == 'WALK_TRANSIT') & tours.household_id.isin(households[households.auto_ownership == 0].index) & (get_tour_group(tours) == 'disc') & (tours.tour_category != 'joint')]),False,-5,5,1,log_ratio,0.01,2,8215.693454477043
PNR_TRANSIT calibration coefficient for zero-auto households' disc individual tours,coef_calib_zeroautohhindivtou_PNR_TRANSIT_disc,len(tours[(tours.tour_mode == 'PNR_TRANSIT') & tours.household_id.isin(households[households.auto_ownership == 0].index) & (get_tour_group(tours) == 'disc') & (tours.tour_category != 'joint')]),False,-5,5,1,log_ratio,0.01,2,0.0
KNR_TRANSIT calibration coefficient for zero-auto households' disc individual tours,coef_calib_zeroautohhindivtou_KNR_TRANSIT_disc,len(tours[(tours.tour_mode == 'KNR_TRANSIT') & tours.household_id.isin(households[households.auto_ownership == 0].index) & (get_tour_group(tours) == 'disc') & (tours.tour_category != 'joint')]),False,-5,5,1,log_ratio,0.01,2,209.53873510495376
TNC_TRANSIT calibration coefficient for zero-auto households' disc individual tours,coef_calib_zeroautohhindivtou_TNC_TRANSIT_disc,len(tours[(tours.tour_mode == 'TNC_TRANSIT') & tours.household_id.isin(households[households.auto_ownership == 0].index) & (get_tour_group(tours) == 'disc') & (tours.tour_category != 'joint')]),False,-5,5,1,log_ratio,0.01,2,0.0
TAXI calibration coefficient for zero-auto households' disc individual tours,coef_calib_zeroautohhindivtou_TAXI_disc,len(tours[(tours.tour_mode == 'TAXI') & tours.household_id.isin(households[households.auto_ownership == 0].index) & (get_tour_group(tours) == 'disc') & (tours.tour_category != 'joint')]),False,-5,5,1,log_ratio,0.01,2,0.0
TNC_SINGLE calibration coefficient for zero-auto households' disc individual tours,coef_calib_zeroautohhindivtou_TNC_SINGLE_disc,len(tours[(tours.tour_mode == 'TNC_SINGLE') & tours.household_id.isin(households[households.auto_ownership == 0].index) & (get_tour_group(tours) == 'disc') & (tours.tour_category != 'joint')]),False,-5,5,1,log_ratio,0.01,2,354.848454112143
TNC_SHARED calibration coefficient for zero-auto households' disc individual tours,coef_calib_zeroautohhindivtou_TNC_SHARED_disc,len(tours[(tours.tour_mode == 'TNC_SHARED') & tours.household_id.isin(households[households.auto_ownership == 0].index) & (get_tour_group(tours) == 'disc') & (tours.tour_category != 'joint')]),False,-5,5,1,log_ratio,0.01,2,0.0
EBIKE calibration coefficient for zero-auto households' disc individual tours,coef_calib_zeroautohhindivtou_EBIKE_disc,len(tours[(tours.tour_mode == 'EBIKE') & tours.household_id.isin(households[households.auto_ownership == 0].index) & (get_tour_group(tours) == 'disc') & (tours.tour_category != 'joint')]),False,-5,5,1,log_ratio,0.01,2,62.3742416094516
ESCOOTER calibration coefficient for zero-auto households' disc individual tours,coef_calib_zeroautohhindivtou_ESCOOTER_disc,len(tours[(tours.tour_mode == 'ESCOOTER') & tours.household_id.isin(households[households.auto_ownership == 0].index) & (get_tour_group(tours) == 'disc') & (tours.tour_category != 'joint')]),False,-5,5,1,log_ratio,0.01,2,92.8936559139734
SHARED2 calibration coefficient for auto-deficient households' disc individual tours,coef_calib_autodeficienthhind_SHARED2_disc,len(tours[(tours.tour_mode == 'SHARED2') & tours.household_id.isin(households[(households.auto_ownership < households.num_adults) & (households.auto_ownership > 0)].index) & (get_tour_group(tours) == 'disc') & (tours.tour_category != 'joint')]),False,-5,5,1,log_ratio,0.01,2,72485.063962059
SHARED3 calibration coefficient for auto-deficient households' disc individual tours,coef_calib_autodeficienthhind_SHARED3_disc,len(tours[(tours.tour_mode == 'SHARED3') & tours.household_id.isin(households[(households.auto_ownership < households.num_adults) & (households.auto_ownership > 0)].index) & (get_tour_group(tours) == 'disc') & (tours.tour_category != 'joint')]),False,-5,5,1,log_ratio,0.01,2,57075.9170093754
WALK calibration coefficient for auto-deficient households' disc individual tours,coef_calib_autodeficienthhind_WALK_disc,len(tours[(tours.tour_mode == 'WALK') & tours.household_id.isin(households[(households.auto_ownership < households.num_adults) & (households.auto_ownership > 0)].index) & (get_tour_group(tours) == 'disc') & (tours.tour_category != 'joint')]),False,-5,5,1,log_ratio,0.01,2,31915.3426628573
BIKE calibration coefficient for auto-deficient households' disc individual tours,coef_calib_autodeficienthhind_BIKE_disc,len(tours[(tours.tour_mode == 'BIKE') & tours.household_id.isin(households[(households.auto_ownership < households.num_adults) & (households.auto_ownership > 0)].index) & (get_tour_group(tours) == 'disc') & (tours.tour_category != 'joint')]),False,-5,5,1,log_ratio,0.01,2,6228.44037643549
WALK_TRANSIT calibration coefficient for auto-deficient households' disc individual tours,coef_calib_autodeficienthhind_WALK_TRANSIT_disc,len(tours[(tours.tour_mode == 'WALK_TRANSIT') & tours.household_id.isin(households[(households.auto_ownership < households.num_adults) & (households.auto_ownership > 0)].index) & (get_tour_group(tours) == 'disc') & (tours.tour_category != 'joint')]),False,-5,5,1,log_ratio,0.01,2,12557.375578515552
PNR_TRANSIT calibration coefficient for auto-deficient households' disc individual tours,coef_calib_autodeficienthhind_PNR_TRANSIT_disc,len(tours[(tours.tour_mode == 'PNR_TRANSIT') & tours.household_id.isin(households[(households.auto_ownership < households.num_adults) & (households.auto_ownership > 0)].index) & (get_tour_group(tours) == 'disc') & (tours.tour_category != 'joint')]),False,-5,5,1,log_ratio,0.01,2,0.0
KNR_TRANSIT calibration coefficient for auto-deficient households' disc individual tours,coef_calib_autodeficienthhind_KNR_TRANSIT_disc,len(tours[(tours.tour_mode == 'KNR_TRANSIT') & tours.household_id.isin(households[(households.auto_ownership < households.num_adults) & (households.auto_ownership > 0)].index) & (get_tour_group(tours) == 'disc') & (tours.tour_category != 'joint')]),False,-5,5,1,log_ratio,0.01,2,36.56895927959254
TNC_TRANSIT calibration coefficient for auto-deficient households' disc individual tours,coef_calib_autodeficienthhind_TNC_TRANSIT_disc,len(tours[(tours.tour_mode == 'TNC_TRANSIT') & tours.household_id.isin(households[(households.auto_ownership < households.num_adults) & (households.auto_ownership > 0)].index) & (get_tour_group(tours) == 'disc') & (tours.tour_category != 'joint')]),False,-5,5,1,log_ratio,0.01,2,0.0
TAXI calibration coefficient for auto-deficient households' disc individual tours,coef_calib_autodeficienthhind_TAXI_disc,len(tours[(tours.tour_mode == 'TAXI') & tours.household_id.isin(households[(households.auto_ownership < households.num_adults) & (households.auto_ownership > 0)].index) & (get_tour_group(tours) == 'disc') & (tours.tour_category != 'joint')]),False,-5,5,1,log_ratio,0.01,2,1113.06422541153
TNC_SINGLE calibration coefficient for auto-deficient households' disc individual tours,coef_calib_autodeficienthhind_TNC_SINGLE_disc,len(tours[(tours.tour_mode == 'TNC_SINGLE') & tours.household_id.isin(households[(households.auto_ownership < households.num_adults) & (households.auto_ownership > 0)].index) & (get_tour_group(tours) == 'disc') & (tours.tour_category != 'joint')]),False,-5,5,1,log_ratio,0.01,2,1096.10332752668
TNC_SHARED calibration coefficient for auto-deficient households' disc individual tours,coef_calib_autodeficienthhind_TNC_SHARED_disc,len(tours[(tours.tour_mode == 'TNC_SHARED') & tours.household_id.isin(households[(households.auto_ownership < households.num_adults) & (households.auto_ownership > 0)].index) & (get_tour_group(tours) == 'disc') & (tours.tour_category != 'joint')]),False,-5,5,1,log_ratio,0.01,2,0.0
EBIKE calibration coefficient for auto-deficient households' disc individual tours,coef_calib_autodeficienthhind_EBIKE_disc,len(tours[(tours.tour_mode == 'EBIKE') & tours.household_id.isin(households[(households.auto_ownership < households.num_adults) & (households.auto_ownership > 0)].index) & (get_tour_group(tours) == 'disc') & (tours.tour_category != 'joint')]),False,-5,5,1,log_ratio,0.01,2,760.316535924521
ESCOOTER calibration coefficient for auto-deficient households' disc individual tours,coef_calib_autodeficienthhind_ESCOOTER_disc,len(tours[(tours.tour_mode == 'ESCOOTER') & tours.household_id.isin(households[(households.auto_ownership < households.num_adults) & (households.auto_ownership > 0)].index) & (get_tour_group(tours) == 'disc') & (tours.tour_category != 'joint')]),False,-5,5,1,log_ratio,0.01,2,1268.42376401554
SHARED2 calibration coefficient for auto-sufficient households' disc individual tours,coef_calib_autosufficienthhin_SHARED2_disc,len(tours[(tours.tour_mode == 'SHARED2') & tours.household_id.isin(households[(households.auto_ownership >= households.num_adults) & (households.auto_ownership > 0)].index) & (get_tour_group(tours) == 'disc') & (tours.tour_category != 'joint')]),False,-5,5,1,log_ratio,0.01,2,73386.392015239
SHARED3 calibration coefficient for auto-sufficient households' disc individual tours,coef_calib_autosufficienthhin_SHARED3_disc,len(tours[(tours.tour_mode == 'SHARED3') & tours.household_id.isin(households[(households.auto_ownership >= households.num_adults) & (households.auto_ownership > 0)].index) & (get_tour_group(tours) == 'disc') & (tours.tour_category != 'joint')]),False,-5,5,1,log_ratio,0.01,2,114826.561081652
WALK calibration coefficient for auto-sufficient households' disc individual tours,coef_calib_autosufficienthhin_WALK_disc,len(tours[(tours.tour_mode == 'WALK') & tours.household_id.isin(households[(households.auto_ownership >= households.num_adults) & (households.auto_ownership > 0)].index) & (get_tour_group(tours) == 'disc') & (tours.tour_category != 'joint')]),False,-5,5,1,log_ratio,0.01,2,156897.478533411
BIKE calibration coefficient for auto-sufficient households' disc individual tours,coef_calib_autosufficienthhin_BIKE_disc,len(tours[(tours.tour_mode == 'BIKE') & tours.household_id.isin(households[(households.auto_ownership >= households.num_adults) & (households.auto_ownership > 0)].index) & (get_tour_group(tours) == 'disc') & (tours.tour_category != 'joint')]),False,-5,5,1,log_ratio,0.01,2,8042.08155791715
WALK_TRANSIT calibration coefficient for auto-sufficient households' disc individual tours,coef_calib_autosufficienthhin_WALK_TRANSIT_disc,len(tours[(tours.tour_mode == 'WALK_TRANSIT') & tours.household_id.isin(households[(households.auto_ownership >= households.num_adults) & (households.auto_ownership > 0)].index) & (get_tour_group(tours) == 'disc') & (tours.tour_category != 'joint')]),False,-5,5,1,log_ratio,0.01,2,5662.976282876228
PNR_TRANSIT calibration coefficient for auto-sufficient households' disc individual tours,coef_calib_autosufficienthhin_PNR_TRANSIT_disc,len(tours[(tours.tour_mode == 'PNR_TRANSIT') & tours.household_id.isin(households[(households.auto_ownership >= households.num_adults) & (households.auto_ownership > 0)].index) & (get_tour_group(tours) == 'disc') & (tours.tour_category != 'joint')]),False,-5,5,1,log_ratio,0.01,2,576.020687688831
KNR_TRANSIT calibration coefficient for auto-sufficient households' disc individual tours,coef_calib_autosufficienthhin_KNR_TRANSIT_disc,len(tours[(tours.tour_mode == 'KNR_TRANSIT') & tours.household_id.isin(households[(households.auto_ownership >= households.num_adults) & (households.auto_ownership > 0)].index) & (get_tour_group(tours) == 'disc') & (tours.tour_category != 'joint')]),False,-5,5,1,log_ratio,0.01,2,137.43403456968022
TNC_TRANSIT calibration coefficient for auto-sufficient households' disc individual tours,coef_calib_autosufficienthhin_TNC_TRANSIT_disc,len(tours[(tours.tour_mode == 'TNC_TRANSIT') & tours.household_id.isin(households[(households.auto_ownership >= households.num_adults) & (households.auto_ownership > 0)].index) & (get_tour_group(tours) == 'disc') & (tours.tour_category != 'joint')]),False,-5,5,1,log_ratio,0.01,2,0.0
TAXI calibration coefficient for auto-sufficient households' disc individual tours,coef_calib_autosufficienthhin_TAXI_disc,len(tours[(tours.tour_mode == 'TAXI') & tours.household_id.isin(households[(households.auto_ownership >= households.num_adults) & (households.auto_ownership > 0)].index) & (get_tour_group(tours) == 'disc') & (tours.tour_category != 'joint')]),False,-5,5,1,log_ratio,0.01,2,0.0
TNC_SINGLE calibration coefficient for auto-sufficient households' disc individual tours,coef_calib_autosufficienthhin_TNC_SINGLE_disc,len(tours[(tours.tour_mode == 'TNC_SINGLE') & tours.household_id.isin(households[(households.auto_ownership >= households.num_adults) & (households.auto_ownership > 0)].index) & (get_tour_group(tours) == 'disc') & (tours.tour_category != 'joint')]),False,-5,5,1,log_ratio,0.01,2,250.122835687454
TNC_SHARED calibration coefficient for auto-sufficient households' disc individual tours,coef_calib_autosufficienthhin_TNC_SHARED_disc,len(tours[(tours.tour_mode == 'TNC_SHARED') & tours.household_id.isin(households[(households.auto_ownership >= households.num_adults) & (households.auto_ownership > 0)].index) & (get_tour_group(tours) == 'disc') & (tours.tour_category != 'joint')]),False,-5,5,1,log_ratio,0.01,2,0.0
EBIKE calibration coefficient for auto-sufficient households' disc individual tours,coef_calib_autosufficienthhin_EBIKE_disc,len(tours[(tours.tour_mode == 'EBIKE') & tours.household_id.isin(households[(households.auto_ownership >= households.num_adults) & (households.auto_ownership > 0)].index) & (get_tour_group(tours) == 'disc') & (tours.tour_category != 'joint')]),False,-5,5,1,log_ratio,0.01,2,564.155870182094
ESCOOTER calibration coefficient for auto-sufficient households' disc individual tours,coef_calib_autosufficienthhin_ESCOOTER_disc,len(tours[(tours.tour_mode == 'ESCOOTER') & tours.household_id.isin(households[(households.auto_ownership >= households.num_adults) & (households.auto_ownership > 0)].index) & (get_tour_group(tours) == 'disc') & (tours.tour_category != 'joint')]),False,-5,5,1,log_ratio,0.01,2,138.104208365837
SHARED3 calibration coefficient for zero-auto households' maint joint tours,coef_calib_zeroautohhjointtou_SHARED3_maint,len(tours[(tours.tour_mode == 'SHARED3') & tours.household_id.isin(households[households.auto_ownership == 0].index) & (get_tour_group(tours) == 'maint') & (tours.tour_category == 'joint')]),False,-5,5,1,log_ratio,0.01,2,0.0
WALK calibration coefficient for zero-auto households' maint joint tours,coef_calib_zeroautohhjointtou_WALK_maint,len(tours[(tours.tour_mode == 'WALK') & tours.household_id.isin(households[households.auto_ownership == 0].index) & (get_tour_group(tours) == 'maint') & (tours.tour_category == 'joint')]),False,-5,5,1,log_ratio,0.01,2,0.0
BIKE calibration coefficient for zero-auto households' maint joint tours,coef_calib_zeroautohhjointtou_BIKE_maint,len(tours[(tours.tour_mode == 'BIKE') & tours.household_id.isin(households[households.auto_ownership == 0].index) & (get_tour_group(tours) == 'maint') & (tours.tour_category == 'joint')]),False,-5,5,1,log_ratio,0.01,2,0.0
WALK_TRANSIT calibration coefficient for zero-auto households' maint joint tours,coef_calib_zeroautohhjointtou_WALK_TRANSIT_maint,len(tours[(tours.tour_mode == 'WALK_TRANSIT') & tours.household_id.isin(households[households.auto_ownership == 0].index) & (get_tour_group(tours) == 'maint') & (tours.tour_category == 'joint')]),False,-5,5,1,log_ratio,0.01,2,0.0
PNR_TRANSIT calibration coefficient for zero-auto households' maint joint tours,coef_calib_zeroautohhjointtou_PNR_TRANSIT_maint,len(tours[(tours.tour_mode == 'PNR_TRANSIT') & tours.household_id.isin(households[households.auto_ownership == 0].index) & (get_tour_group(tours) == 'maint') & (tours.tour_category == 'joint')]),False,-5,5,1,log_ratio,0.01,2,0.0
KNR_TRANSIT calibration coefficient for zero-auto households' maint joint tours,coef_calib_zeroautohhjointtou_KNR_TRANSIT_maint,len(tours[(tours.tour_mode == 'KNR_TRANSIT') & tours.household_id.isin(households[households.auto_ownership == 0].index) & (get_tour_group(tours) == 'maint') & (tours.tour_category == 'joint')]),False,-5,5,1,log_ratio,0.01,2,0.0
TNC_TRANSIT calibration coefficient for zero-auto households' maint joint tours,coef_calib_zeroautohhjointtou_TNC_TRANSIT_maint,len(tours[(tours.tour_mode == 'TNC_TRANSIT') & tours.household_id.isin(households[households.auto_ownership == 0].index) & (get_tour_group(tours) == 'maint') & (tours.tour_category == 'joint')]),False,-5,5,1,log_ratio,0.01,2,0.0
TAXI calibration coefficient for zero-auto households' maint joint tours,coef_calib_zeroautohhjointtou_TAXI_maint,len(tours[(tours.tour_mode == 'TAXI') & tours.household_id.isin(households[households.auto_ownership == 0].index) & (get_tour_group(tours) == 'maint') & (tours.tour_category == 'joint')]),False,-5,5,1,log_ratio,0.01,2,0.0
TNC_SINGLE calibration coefficient for zero-auto households' maint joint tours,coef_calib_zeroautohhjointtou_TNC_SINGLE_maint,len(tours[(tours.tour_mode == 'TNC_SINGLE') & tours.household_id.isin(households[households.auto_ownership == 0].index) & (get_tour_group(tours) == 'maint') & (tours.tour_category == 'joint')]),False,-5,5,1,log_ratio,0.01,2,0.0
TNC_SHARED calibration coefficient for zero-auto households' maint joint tours,coef_calib_zeroautohhjointtou_TNC_SHARED_maint,len(tours[(tours.tour_mode == 'TNC_SHARED') & tours.household_id.isin(households[households.auto_ownership == 0].index) & (get_tour_group(tours) == 'maint') & (tours.tour_category == 'joint')]),False,-5,5,1,log_ratio,0.01,2,0.0
EBIKE calibration coefficient for zero-auto households' maint joint tours,coef_calib_zeroautohhjointtou_EBIKE_maint,len(tours[(tours.tour_mode == 'EBIKE') & tours.household_id.isin(households[households.auto_ownership == 0].index) & (get_tour_group(tours) == 'maint') & (tours.tour_category == 'joint')]),False,-5,5,1,log_ratio,0.01,2,0.0
ESCOOTER calibration coefficient for zero-auto households' maint joint tours,coef_calib_zeroautohhjointtou_ESCOOTER_maint,len(tours[(tours.tour_mode == 'ESCOOTER') & tours.household_id.isin(households[households.auto_ownership == 0].index) & (get_tour_group(tours) == 'maint') & (tours.tour_category == 'joint')]),False,-5,5,1,log_ratio,0.01,2,0.0
SHARED3 calibration coefficient for auto-deficient households' maint joint tours,coef_calib_autodeficienthhjoi_SHARED3_maint,len(tours[(tours.tour_mode == 'SHARED3') & tours.household_id.isin(households[(households.auto_ownership < households.num_adults) & (households.auto_ownership > 0)].index) & (get_tour_group(tours) == 'maint') & (tours.tour_category == 'joint')]),False,-5,5,1,log_ratio,0.01,2,15778.2085318302
WALK calibration coefficient for auto-deficient households' maint joint tours,coef_calib_autodeficienthhjoi_WALK_maint,len(tours[(tours.tour_mode == 'WALK') & tours.household_id.isin(households[(households.auto_ownership < households.num_adults) & (households.auto_ownership > 0)].index) & (get_tour_group(tours) == 'maint') & (tours.tour_category == 'joint')]),False,-5,5,1,log_ratio,0.01,2,604.161005797653
BIKE calibration coefficient for auto-deficient households' maint joint tours,coef_calib_autodeficienthhjoi_BIKE_maint,len(tours[(tours.tour_mode == 'BIKE') & tours.household_id.isin(households[(households.auto_ownership < households.num_adults) & (households.auto_ownership > 0)].index) & (get_tour_group(tours) == 'maint') & (tours.tour_category == 'joint')]),False,-5,5,1,log_ratio,0.01,2,857.286224187774
WALK_TRANSIT calibration coefficient for auto-deficient households' maint joint tours,coef_calib_autodeficienthhjoi_WALK_TRANSIT_maint,len(tours[(tours.tour_mode == 'WALK_TRANSIT') & tours.household_id.isin(households[(households.auto_ownership < households.num_adults) & (households.auto_ownership > 0)].index) & (get_tour_group(tours) == 'maint') & (tours.tour_category == 'joint')]),False,-5,5,1,log_ratio,0.01,2,6.974415892381714
PNR_TRANSIT calibration coefficient for auto-deficient households' maint joint tours,coef_calib_autodeficienthhjoi_PNR_TRANSIT_maint,len(tours[(tours.tour_mode == 'PNR_TRANSIT') & tours.household_id.isin(households[(households.auto_ownership < households.num_adults) & (households.auto_ownership > 0)].index) & (get_tour_group(tours) == 'maint') & (tours.tour_category == 'joint')]),False,-5,5,1,log_ratio,0.01,2,0.0
KNR_TRANSIT calibration coefficient for auto-deficient households' maint joint tours,coef_calib_autodeficienthhjoi_KNR_TRANSIT_maint,len(tours[(tours.tour_mode == 'KNR_TRANSIT') & tours.household_id.isin(households[(households.auto_ownership < households.num_adults) & (households.auto_ownership > 0)].index) & (get_tour_group(tours) == 'maint') & (tours.tour_category == 'joint')]),False,-5,5,1,log_ratio,0.01,2,0.0
TNC_TRANSIT calibration coefficient for auto-deficient households' maint joint tours,coef_calib_autodeficienthhjoi_TNC_TRANSIT_maint,len(tours[(tours.tour_mode == 'TNC_TRANSIT') & tours.household_id.isin(households[(households.auto_ownership < households.num_adults) & (households.auto_ownership > 0)].index) & (get_tour_group(tours) == 'maint') & (tours.tour_category == 'joint')]),False,-5,5,1,log_ratio,0.01,2,0.0
TAXI calibration coefficient for auto-deficient households' maint joint tours,coef_calib_autodeficienthhjoi_TAXI_maint,len(tours[(tours.tour_mode == 'TAXI') & tours.household_id.isin(households[(households.auto_ownership < households.num_adults) & (households.auto_ownership > 0)].index) & (get_tour_group(tours) == 'maint') & (tours.tour_category == 'joint')]),False,-5,5,1,log_ratio,0.01,2,0.0
TNC_SINGLE calibration coefficient for auto-deficient households' maint joint tours,coef_calib_autodeficienthhjoi_TNC_SINGLE_maint,len(tours[(tours.tour_mode == 'TNC_SINGLE') & tours.household_id.isin(households[(households.auto_ownership < households.num_adults) & (households.auto_ownership > 0)].index) & (get_tour_group(tours) == 'maint') & (tours.tour_category == 'joint')]),False,-5,5,1,log_ratio,0.01,2,0.0
TNC_SHARED calibration coefficient for auto-deficient households' maint joint tours,coef_calib_autodeficienthhjoi_TNC_SHARED_maint,len(tours[(tours.tour_mode == 'TNC_SHARED') & tours.household_id.isin(households[(households.auto_ownership < households.num_adults) & (households.auto_ownership > 0)].index) & (get_tour_group(tours) == 'maint') & (tours.tour_category == 'joint')]),False,-5,5,1,log_ratio,0.01,2,0.0
EBIKE calibration coefficient for auto-deficient households' maint joint tours,coef_calib_autodeficienthhjoi_EBIKE_maint,len(tours[(tours.tour_mode == 'EBIKE') & tours.household_id.isin(households[(households.auto_ownership < households.num_adults) & (households.auto_ownership > 0)].index) & (get_tour_group(tours) == 'maint') & (tours.tour_category == 'joint')]),False,-5,5,1,log_ratio,0.01,2,0.0
ESCOOTER calibration coefficient for auto-deficient households' maint joint tours,coef_calib_autodeficienthhjoi_ESCOOTER_maint,len(tours[(tours.tour_mode == 'ESCOOTER') & tours.household_id.isin(households[(households.auto_ownership < households.num_adults) & (households.auto_ownership > 0)].index) & (get_tour_group(tours) == 'maint') & (tours.tour_category == 'joint')]),False,-5,5,1,log_ratio,0.01,2,0.0
SHARED3 calibration coefficient for auto-sufficient households' maint joint tours,coef_calib_autosufficienthhjo_SHARED3_maint,len(tours[(tours.tour_mode == 'SHARED3') & tours.household_id.isin(households[(households.auto_ownership >= households.num_adults) & (households.auto_ownership > 0)].index) & (get_tour_group(tours) == 'maint') & (tours.tour_category == 'joint')]),False,-5,5,1,log_ratio,0.01,2,31525.9599641702
WALK calibration coefficient for auto-sufficient households' maint joint tours,coef_calib_autosufficienthhjo_WALK_maint,len(tours[(tours.tour_mode == 'WALK') & tours.household_id.isin(households[(households.auto_ownership >= households.num_adults) & (households.auto_ownership > 0)].index) & (get_tour_group(tours) == 'maint') & (tours.tour_category == 'joint')]),False,-5,5,1,log_ratio,0.01,2,597.315441414063
BIKE calibration coefficient for auto-sufficient households' maint joint tours,coef_calib_autosufficienthhjo_BIKE_maint,len(tours[(tours.tour_mode == 'BIKE') & tours.household_id.isin(households[(households.auto_ownership >= households.num_adults) & (households.auto_ownership > 0)].index) & (get_tour_group(tours) == 'maint') & (tours.tour_category == 'joint')]),False,-5,5,1,log_ratio,0.01,2,0.0
WALK_TRANSIT calibration coefficient for auto-sufficient households' maint joint tours,coef_calib_autosufficienthhjo_WALK_TRANSIT_maint,len(tours[(tours.tour_mode == 'WALK_TRANSIT') & tours.household_id.isin(households[(households.auto_ownership >= households.num_adults) & (households.auto_ownership > 0)].index) & (get_tour_group(tours) == 'maint') & (tours.tour_category == 'joint')]),False,-5,5,1,log_ratio,0.01,2,0.0
PNR_TRANSIT calibration coefficient for auto-sufficient households' maint joint tours,coef_calib_autosufficienthhjo_PNR_TRANSIT_maint,len(tours[(tours.tour_mode == 'PNR_TRANSIT') & tours.household_id.isin(households[(households.auto_ownership >= households.num_adults) & (households.auto_ownership > 0)].index) & (get_tour_group(tours) == 'maint') & (tours.tour_category == 'joint')]),False,-5,5,1,log_ratio,0.01,2,0.0
KNR_TRANSIT calibration coefficient for auto-sufficient households' maint joint tours,coef_calib_autosufficienthhjo_KNR_TRANSIT_maint,len(tours[(tours.tour_mode == 'KNR_TRANSIT') & tours.household_id.isin(households[(households.auto_ownership >= households.num_adults) & (households.auto_ownership > 0)].index) & (get_tour_group(tours) == 'maint') & (tours.tour_category == 'joint')]),False,-5,5,1,log_ratio,0.01,2,0.0
TNC_TRANSIT calibration coefficient for auto-sufficient households' maint joint tours,coef_calib_autosufficienthhjo_TNC_TRANSIT_maint,len(tours[(tours.tour_mode == 'TNC_TRANSIT') & tours.household_id.isin(households[(households.auto_ownership >= households.num_adults) & (households.auto_ownership > 0)].index) & (get_tour_group(tours) == 'maint') & (tours.tour_category == 'joint')]),False,-5,5,1,log_ratio,0.01,2,0.0
TAXI calibration coefficient for auto-sufficient households' maint joint tours,coef_calib_autosufficienthhjo_TAXI_maint,len(tours[(tours.tour_mode == 'TAXI') & tours.household_id.isin(households[(households.auto_ownership >= households.num_adults) & (households.auto_ownership > 0)].index) & (get_tour_group(tours) == 'maint') & (tours.tour_category == 'joint')]),False,-5,5,1,log_ratio,0.01,2,0.0
TNC_SINGLE calibration coefficient for auto-sufficient households' maint joint tours,coef_calib_autosufficienthhjo_TNC_SINGLE_maint,len(tours[(tours.tour_mode == 'TNC_SINGLE') & tours.household_id.isin(households[(households.auto_ownership >= households.num_adults) & (households.auto_ownership > 0)].index) & (get_tour_group(tours) == 'maint') & (tours.tour_category == 'joint')]),False,-5,5,1,log_ratio,0.01,2,0.0
TNC_SHARED calibration coefficient for auto-sufficient households' maint joint tours,coef_calib_autosufficienthhjo_TNC_SHARED_maint,len(tours[(tours.tour_mode == 'TNC_SHARED') & tours.household_id.isin(households[(households.auto_ownership >= households.num_adults) & (households.auto_ownership > 0)].index) & (get_tour_group(tours) == 'maint') & (tours.tour_category == 'joint')]),False,-5,5,1,log_ratio,0.01,2,0.0
EBIKE calibration coefficient for auto-sufficient households' maint joint tours,coef_calib_autosufficienthhjo_EBIKE_maint,len(tours[(tours.tour_mode == 'EBIKE') & tours.household_id.isin(households[(households.auto_ownership >= households.num_adults) & (households.auto_ownership > 0)].index) & (get_tour_group(tours) == 'maint') & (tours.tour_category == 'joint')]),False,-5,5,1,log_ratio,0.01,2,49.9338393909406
ESCOOTER calibration coefficient for auto-sufficient households' maint joint tours,coef_calib_autosufficienthhjo_ESCOOTER_maint,len(tours[(tours.tour_mode == 'ESCOOTER') & tours.household_id.isin(households[(households.auto_ownership >= households.num_adults) & (households.auto_ownership > 0)].index) & (get_tour_group(tours) == 'maint') & (tours.tour_category == 'joint')]),False,-5,5,1,log_ratio,0.01,2,0.0
SHARED3 calibration coefficient for zero-auto households' disc joint tours,coef_calib_zeroautohhjointtou_SHARED3_disc,len(tours[(tours.tour_mode == 'SHARED3') & tours.household_id.isin(households[households.auto_ownership == 0].index) & (get_tour_group(tours) == 'disc') & (tours.tour_category == 'joint')]),False,-5,5,1,log_ratio,0.01,2,0.0
WALK calibration coefficient for zero-auto households' disc joint tours,coef_calib_zeroautohhjointtou_WALK_disc,len(tours[(tours.tour_mode == 'WALK') & tours.household_id.isin(households[households.auto_ownership == 0].index) & (get_tour_group(tours) == 'disc') & (tours.tour_category == 'joint')]),False,-5,5,1,log_ratio,0.01,2,62.0430740080289
BIKE calibration coefficient for zero-auto households' disc joint tours,coef_calib_zeroautohhjointtou_BIKE_disc,len(tours[(tours.tour_mode == 'BIKE') & tours.household_id.isin(households[households.auto_ownership == 0].index) & (get_tour_group(tours) == 'disc') & (tours.tour_category == 'joint')]),False,-5,5,1,log_ratio,0.01,2,0.0
WALK_TRANSIT calibration coefficient for zero-auto households' disc joint tours,coef_calib_zeroautohhjointtou_WALK_TRANSIT_disc,len(tours[(tours.tour_mode == 'WALK_TRANSIT') & tours.household_id.isin(households[households.auto_ownership == 0].index) & (get_tour_group(tours) == 'disc') & (tours.tour_category == 'joint')]),False,-5,5,1,log_ratio,0.01,2,0.0
PNR_TRANSIT calibration coefficient for zero-auto households' disc joint tours,coef_calib_zeroautohhjointtou_PNR_TRANSIT_disc,len(tours[(tours.tour_mode == 'PNR_TRANSIT') & tours.household_id.isin(households[households.auto_ownership == 0].index) & (get_tour_group(tours) == 'disc') & (tours.tour_category == 'joint')]),False,-5,5,1,log_ratio,0.01,2,0.0
KNR_TRANSIT calibration coefficient for zero-auto households' disc joint tours,coef_calib_zeroautohhjointtou_KNR_TRANSIT_disc,len(tours[(tours.tour_mode == 'KNR_TRANSIT') & tours.household_id.isin(households[households.auto_ownership == 0].index) & (get_tour_group(tours) == 'disc') & (tours.tour_category == 'joint')]),False,-5,5,1,log_ratio,0.01,2,0.0
TNC_TRANSIT calibration coefficient for zero-auto households' disc joint tours,coef_calib_zeroautohhjointtou_TNC_TRANSIT_disc,len(tours[(tours.tour_mode == 'TNC_TRANSIT') & tours.household_id.isin(households[households.auto_ownership == 0].index) & (get_tour_group(tours) == 'disc') & (tours.tour_category == 'joint')]),False,-5,5,1,log_ratio,0.01,2,0.0
TAXI calibration coefficient for zero-auto households' disc joint tours,coef_calib_zeroautohhjointtou_TAXI_disc,len(tours[(tours.tour_mode == 'TAXI') & tours.household_id.isin(households[households.auto_ownership == 0].index) & (get_tour_group(tours) == 'disc') & (tours.tour_category == 'joint')]),False,-5,5,1,log_ratio,0.01,2,0.0
TNC_SINGLE calibration coefficient for zero-auto households' disc joint tours,coef_calib_zeroautohhjointtou_TNC_SINGLE_disc,len(tours[(tours.tour_mode == 'TNC_SINGLE') & tours.household_id.isin(households[households.auto_ownership == 0].index) & (get_tour_group(tours) == 'disc') & (tours.tour_category == 'joint')]),False,-5,5,1,log_ratio,0.01,2,0.0
TNC_SHARED calibration coefficient for zero-auto households' disc joint tours,coef_calib_zeroautohhjointtou_TNC_SHARED_disc,len(tours[(tours.tour_mode == 'TNC_SHARED') & tours.household_id.isin(households[households.auto_ownership == 0].index) & (get_tour_group(tours) == 'disc') & (tours.tour_category == 'joint')]),False,-5,5,1,log_ratio,0.01,2,0.0
EBIKE calibration coefficient for zero-auto households' disc joint tours,coef_calib_zeroautohhjointtou_EBIKE_disc,len(tours[(tours.tour_mode == 'EBIKE') & tours.household_id.isin(households[households.auto_ownership == 0].index) & (get_tour_group(tours) == 'disc') & (tours.tour_category == 'joint')]),False,-5,5,1,log_ratio,0.01,2,0.0
ESCOOTER calibration coefficient for zero-auto households' disc joint tours,coef_calib_zeroautohhjointtou_ESCOOTER_disc,len(tours[(tours.tour_mode == 'ESCOOTER') & tours.household_id.isin(households[households.auto_ownership == 0].index) & (get_tour_group(tours) == 'disc') & (tours.tour_category == 'joint')]),False,-5,5,1,log_ratio,0.01,2,0.0
SHARED3 calibration coefficient for auto-deficient households' disc joint tours,coef_calib_autodeficienthhjoi_SHARED3_disc,len(tours[(tours.tour_mode == 'SHARED3') & tours.household_id.isin(households[(households.auto_ownership < households.num_adults) & (households.auto_ownership > 0)].index) & (get_tour_group(tours) == 'disc') & (tours.tour_category == 'joint')]),False,-5,5,1,log_ratio,0.01,2,12214.0317464235
WALK calibration coefficient for auto-deficient households' disc joint tours,coef_calib_autodeficienthhjoi_WALK_disc,len(tours[(tours.tour_mode == 'WALK') & tours.household_id.isin(households[(households.auto_ownership < households.num_adults) & (households.auto_ownership > 0)].index) & (get_tour_group(tours) == 'disc') & (tours.tour_category == 'joint')]),False,-5,5,1,log_ratio,0.01,2,8535.26485878479
BIKE calibration coefficient for auto-deficient households' disc joint tours,coef_calib_autodeficienthhjoi_BIKE_disc,len(tours[(tours.tour_mode == 'BIKE') & tours.household_id.isin(households[(households.auto_ownership < households.num_adults) & (households.auto_ownership > 0)].index) & (get_tour_group(tours) == 'disc') & (tours.tour_category == 'joint')]),False,-5,5,1,log_ratio,0.01,2,99.0598581868538
WALK_TRANSIT calibration coefficient for auto-deficient households' disc joint tours,coef_calib_autodeficienthhjoi_WALK_TRANSIT_disc,len(tours[(tours.tour_mode == 'WALK_TRANSIT') & tours.household_id.isin(households[(households.auto_ownership < households.num_adults) & (households.auto_ownership > 0)].index) & (get_tour_group(tours) == 'disc') & (tours.tour_category == 'joint')]),False,-5,5,1,log_ratio,0.01,2,0.0
PNR_TRANSIT calibration coefficient for auto-deficient households' disc joint tours,coef_calib_autodeficienthhjoi_PNR_TRANSIT_disc,len(tours[(tours.tour_mode == 'PNR_TRANSIT') & tours.household_id.isin(households[(households.auto_ownership < households.num_adults) & (households.auto_ownership > 0)].index) & (get_tour_group(tours) == 'disc') & (tours.tour_category == 'joint')]),False,-5,5,1,log_ratio,0.01,2,0.0
KNR_TRANSIT calibration coefficient for auto-deficient households' disc joint tours,coef_calib_autodeficienthhjoi_KNR_TRANSIT_disc,len(tours[(tours.tour_mode == 'KNR_TRANSIT') & tours.household_id.isin(households[(households.auto_ownership < households.num_adults) & (households.auto_ownership > 0)].index) & (get_tour_group(tours) == 'disc') & (tours.tour_category == 'joint')]),False,-5,5,1,log_ratio,0.01,2,0.0
TNC_TRANSIT calibration coefficient for auto-deficient households' disc joint tours,coef_calib_autodeficienthhjoi_TNC_TRANSIT_disc,len(tours[(tours.tour_mode == 'TNC_TRANSIT') & tours.household_id.isin(households[(households.auto_ownership < households.num_adults) & (households.auto_ownership > 0)].index) & (get_tour_group(tours) == 'disc') & (tours.tour_category == 'joint')]),False,-5,5,1,log_ratio,0.01,2,0.0
TAXI calibration coefficient for auto-deficient households' disc joint tours,coef_calib_autodeficienthhjoi_TAXI_disc,len(tours[(tours.tour_mode == 'TAXI') & tours.household_id.isin(households[(households.auto_ownership < households.num_adults) & (households.auto_ownership > 0)].index) & (get_tour_group(tours) == 'disc') & (tours.tour_category == 'joint')]),False,-5,5,1,log_ratio,0.01,2,0.0
TNC_SINGLE calibration coefficient for auto-deficient households' disc joint tours,coef_calib_autodeficienthhjoi_TNC_SINGLE_disc,len(tours[(tours.tour_mode == 'TNC_SINGLE') & tours.household_id.isin(households[(households.auto_ownership < households.num_adults) & (households.auto_ownership > 0)].index) & (get_tour_group(tours) == 'disc') & (tours.tour_category == 'joint')]),False,-5,5,1,log_ratio,0.01,2,0.0
TNC_SHARED calibration coefficient for auto-deficient households' disc joint tours,coef_calib_autodeficienthhjoi_TNC_SHARED_disc,len(tours[(tours.tour_mode == 'TNC_SHARED') & tours.household_id.isin(households[(households.auto_ownership < households.num_adults) & (households.auto_ownership > 0)].index) & (get_tour_group(tours) == 'disc') & (tours.tour_category == 'joint')]),False,-5,5,1,log_ratio,0.01,2,0.0
EBIKE calibration coefficient for auto-deficient households' disc joint tours,coef_calib_autodeficienthhjoi_EBIKE_disc,len(tours[(tours.tour_mode == 'EBIKE') & tours.household_id.isin(households[(households.auto_ownership < households.num_adults) & (households.auto_ownership > 0)].index) & (get_tour_group(tours) == 'disc') & (tours.tour_category == 'joint')]),False,-5,5,1,log_ratio,0.01,2,0.0
ESCOOTER calibration coefficient for auto-deficient households' disc joint tours,coef_calib_autodeficienthhjoi_ESCOOTER_disc,len(tours[(tours.tour_mode == 'ESCOOTER') & tours.household_id.isin(households[(households.auto_ownership < households.num_adults) & (households.auto_ownership > 0)].index) & (get_tour_group(tours) == 'disc') & (tours.tour_category == 'joint')]),False,-5,5,1,log_ratio,0.01,2,0.0
SHARED3 calibration coefficient for auto-sufficient households' disc joint tours,coef_calib_autosufficienthhjo_SHARED3_disc,len(tours[(tours.tour_mode == 'SHARED3') & tours.household_id.isin(households[(households.auto_ownership >= households.num_adults) & (households.auto_ownership > 0)].index) & (get_tour_group(tours) == 'disc') & (tours.tour_category == 'joint')]),False,-5,5,1,log_ratio,0.01,2,31597.1784420793
WALK calibration coefficient for auto-sufficient households' disc joint tours,coef_calib_autosufficienthhjo_WALK_disc,len(tours[(tours.tour_mode == 'WALK') & tours.household_id.isin(households[(households.auto_ownership >= households.num_adults) & (households.auto_ownership > 0)].index) & (get_tour_group(tours) == 'disc') & (tours.tour_category == 'joint')]),False,-5,5,1,log_ratio,0.01,2,36638.5416819669
BIKE calibration coefficient for auto-sufficient households' disc joint tours,coef_calib_autosufficienthhjo_BIKE_disc,len(tours[(tours.tour_mode == 'BIKE') & tours.household_id.isin(households[(households.auto_ownership >= households.num_adults) & (households.auto_ownership > 0)].index) & (get_tour_group(tours) == 'disc') & (tours.tour_category == 'joint')]),False,-5,5,1,log_ratio,0.01,2,140.280470772064
WALK_TRANSIT calibration coefficient for auto-sufficient households' disc joint tours,coef_calib_autosufficienthhjo_WALK_TRANSIT_disc,len(tours[(tours.tour_mode == 'WALK_TRANSIT') & tours.household_id.isin(households[(households.auto_ownership >= households.num_adults) & (households.auto_ownership > 0)].index) & (get_tour_group(tours) == 'disc') & (tours.tour_category == 'joint')]),False,-5,5,1,log_ratio,0.01,2,0.0
PNR_TRANSIT calibration coefficient for auto-sufficient households' disc joint tours,coef_calib_autosufficienthhjo_PNR_TRANSIT_disc,len(tours[(tours.tour_mode == 'PNR_TRANSIT') & tours.household_id.isin(households[(households.auto_ownership >= households.num_adults) & (households.auto_ownership > 0)].index) & (get_tour_group(tours) == 'disc') & (tours.tour_category == 'joint')]),False,-5,5,1,log_ratio,0.01,2,0.0
KNR_TRANSIT calibration coefficient for auto-sufficient households' disc joint tours,coef_calib_autosufficienthhjo_KNR_TRANSIT_disc,len(tours[(tours.tour_mode == 'KNR_TRANSIT') & tours.household_id.isin(households[(households.auto_ownership >= households.num_adults) & (households.auto_ownership > 0)].index) & (get_tour_group(tours) == 'disc') & (tours.tour_category == 'joint')]),False,-5,5,1,log_ratio,0.01,2,0.0
TNC_TRANSIT calibration coefficient for auto-sufficient households' disc joint tours,coef_calib_autosufficienthhjo_TNC_TRANSIT_disc,len(tours[(tours.tour_mode == 'TNC_TRANSIT') & tours.household_id.isin(households[(households.auto_ownership >= households.num_adults) & (households.auto_ownership > 0)].index) & (get_tour_group(tours) == 'disc') & (tours.tour_category == 'joint')]),False,-5,5,1,log_ratio,0.01,2,0.0
TAXI calibration coefficient for auto-sufficient households' disc joint tours,coef_calib_autosufficienthhjo_TAXI_disc,len(tours[(tours.tour_mode == 'TAXI') & tours.household_id.isin(households[(households.auto_ownership >= households.num_adults) & (households.auto_ownership > 0)].index) & (get_tour_group(tours) == 'disc') & (tours.tour_category == 'joint')]),False,-5,5,1,log_ratio,0.01,2,0.0
TNC_SINGLE calibration coefficient for auto-sufficient households' disc joint tours,coef_calib_autosufficienthhjo_TNC_SINGLE_disc,len(tours[(tours.tour_mode == 'TNC_SINGLE') & tours.household_id.isin(households[(households.auto_ownership >= households.num_adults) & (households.auto_ownership > 0)].index) & (get_tour_group(tours) == 'disc') & (tours.tour_category == 'joint')]),False,-5,5,1,log_ratio,0.01,2,0.0
TNC_SHARED calibration coefficient for auto-sufficient households' disc joint tours,coef_calib_autosufficienthhjo_TNC_SHARED_disc,len(tours[(tours.tour_mode == 'TNC_SHARED') & tours.household_id.isin(households[(households.auto_ownership >= households.num_adults) & (households.auto_ownership > 0)].index) & (get_tour_group(tours) == 'disc') & (tours.tour_category == 'joint')]),False,-5,5,1,log_ratio,0.01,2,0.0
EBIKE calibration coefficient for auto-sufficient households' disc joint tours,coef_calib_autosufficienthhjo_EBIKE_disc,len(tours[(tours.tour_mode == 'EBIKE') & tours.household_id.isin(households[(households.auto_ownership >= households.num_adults) & (households.auto_ownership > 0)].index) & (get_tour_group(tours) == 'disc') & (tours.tour_category == 'joint')]),False,-5,5,1,log_ratio,0.01,2,223.17443737088
ESCOOTER calibration coefficient for auto-sufficient households' disc joint tours,coef_calib_autosufficienthhjo_ESCOOTER_disc,len(tours[(tours.tour_mode == 'ESCOOTER') & tours.household_id.isin(households[(households.auto_ownership >= households.num_adults) & (households.auto_ownership > 0)].index) & (get_tour_group(tours) == 'disc') & (tours.tour_category == 'joint')]),False,-5,5,1,log_ratio,0.01,2,0.0
ESCOOTER calibration coefficient for zero-auto households' work individual tours,coef_calib_zeroautohhindivtou_ESCOOTER_work,len(tours[(tours.tour_mode == 'ESCOOTER') & tours.household_id.isin(households[households.auto_ownership == 0].index) & (get_tour_group(tours) == 'work') & (tours.tour_category != 'joint')]),False,-5,5,1,log_ratio,0.01,2,0.0
EBIKE calibration coefficient for zero-auto households' work individual tours,coef_calib_zeroautohhindivtou_EBIKE_work,len(tours[(tours.tour_mode == 'EBIKE') & tours.household_id.isin(households[households.auto_ownership == 0].index) & (get_tour_group(tours) == 'work') & (tours.tour_category != 'joint')]),False,-5,5,1,log_ratio,0.01,2,0.0
ESCOOTER calibration coefficient for zero-auto households' univ individual tours,coef_calib_zeroautohhindivtou_ESCOOTER_univ,len(tours[(tours.tour_mode == 'ESCOOTER') & tours.household_id.isin(households[households.auto_ownership == 0].index) & (get_tour_group(tours) == 'univ') & (tours.tour_category != 'joint')]),False,-5,5,1,log_ratio,0.01,2,0.0
EBIKE calibration coefficient for zero-auto households' univ individual tours,coef_calib_zeroautohhindivtou_EBIKE_univ,len(tours[(tours.tour_mode == 'EBIKE') & tours.household_id.isin(households[households.auto_ownership == 0].index) & (get_tour_group(tours) == 'univ') & (tours.tour_category != 'joint')]),False,-5,5,1,log_ratio,0.01,2,0.0
ESCOOTER calibration coefficient for zero-auto households' school individual tours,coef_calib_zeroautohhindivtou_ESCOOTER_school,len(tours[(tours.tour_mode == 'ESCOOTER') & tours.household_id.isin(households[households.auto_ownership == 0].index) & (get_tour_group(tours) == 'school') & (tours.tour_category != 'joint')]),False,-5,5,1,log_ratio,0.01,2,0.0
EBIKE calibration coefficient for zero-auto households' school individual tours,coef_calib_zeroautohhindivtou_EBIKE_school,len(tours[(tours.tour_mode == 'EBIKE') & tours.household_id.isin(households[households.auto_ownership == 0].index) & (get_tour_group(tours) == 'school') & (tours.tour_category != 'joint')]),False,-5,5,1,log_ratio,0.01,2,0.0
ESCOOTER calibration coefficient for zero-auto households' atwork individual tours,coef_calib_zeroautohhindivtou_ESCOOTER_atwork,len(tours[(tours.tour_mode == 'ESCOOTER') & tours.household_id.isin(households[households.auto_ownership == 0].index) & (get_tour_group(tours) == 'atwork') & (tours.tour_category != 'joint')]),False,-5,5,1,log_ratio,0.01,2,0.0
EBIKE calibration coefficient for zero-auto households' atwork individual tours,coef_calib_zeroautohhindivtou_EBIKE_atwork,len(tours[(tours.tour_mode == 'EBIKE') & tours.household_id.isin(households[households.auto_ownership == 0].index) & (get_tour_group(tours) == 'atwork') & (tours.tour_category != 'joint')]),False,-5,5,1,log_ratio,0.01,2,0.0
ESCOOTER calibration coefficient for auto-deficient households' work individual tours,coef_calib_autodeficienthhind_ESCOOTER_work,len(tours[(tours.tour_mode == 'ESCOOTER') & tours.household_id.isin(households[(households.auto_ownership < households.num_adults) & (households.auto_ownership > 0)].index) & (get_tour_group(tours) == 'work') & (tours.tour_category != 'joint')]),False,-5,5,1,log_ratio,0.01,2,0.0
EBIKE calibration coefficient for auto-deficient households' work individual tours,coef_calib_autodeficienthhind_EBIKE_work,len(tours[(tours.tour_mode == 'EBIKE') & tours.household_id.isin(households[(households.auto_ownership < households.num_adults) & (households.auto_ownership > 0)].index) & (get_tour_group(tours) == 'work') & (tours.tour_category != 'joint')]),False,-5,5,1,log_ratio,0.01,2,0.0
ESCOOTER calibration coefficient for auto-deficient households' univ individual tours,coef_calib_autodeficienthhind_ESCOOTER_univ,len(tours[(tours.tour_mode == 'ESCOOTER') & tours.household_id.isin(households[(households.auto_ownership < households.num_adults) & (households.auto_ownership > 0)].index) & (get_tour_group(tours) == 'univ') & (tours.tour_category != 'joint')]),False,-5,5,1,log_ratio,0.01,2,0.0
EBIKE calibration coefficient for auto-deficient households' univ individual tours,coef_calib_autodeficienthhind_EBIKE_univ,len(tours[(tours.tour_mode == 'EBIKE') & tours.household_id.isin(households[(households.auto_ownership < households.num_adults) & (households.auto_ownership > 0)].index) & (get_tour_group(tours) == 'univ') & (tours.tour_category != 'joint')]),False,-5,5,1,log_ratio,0.01,2,0.0
ESCOOTER calibration coefficient for auto-deficient households' school individual tours,coef_calib_autodeficienthhind_ESCOOTER_school,len(tours[(tours.tour_mode == 'ESCOOTER') & tours.household_id.isin(households[(households.auto_ownership < households.num_adults) & (households.auto_ownership > 0)].index) & (get_tour_group(tours) == 'school') & (tours.tour_category != 'joint')]),False,-5,5,1,log_ratio,0.01,2,0.0
EBIKE calibration coefficient for auto-deficient households' school individual tours,coef_calib_autodeficienthhind_EBIKE_school,len(tours[(tours.tour_mode == 'EBIKE') & tours.household_id.isin(households[(households.auto_ownership < households.num_adults) & (households.auto_ownership > 0)].index) & (get_tour_group(tours) == 'school') & (tours.tour_category != 'joint')]),False,-5,5,1,log_ratio,0.01,2,0.0
ESCOOTER calibration coefficient for auto-deficient households' atwork individual tours,coef_calib_autodeficienthhind_ESCOOTER_atwork,len(tours[(tours.tour_mode == 'ESCOOTER') & tours.household_id.isin(households[(households.auto_ownership < households.num_adults) & (households.auto_ownership > 0)].index) & (get_tour_group(tours) == 'atwork') & (tours.tour_category != 'joint')]),False,-5,5,1,log_ratio,0.01,2,0.0
EBIKE calibration coefficient for auto-deficient households' atwork individual tours,coef_calib_autodeficienthhind_EBIKE_atwork,len(tours[(tours.tour_mode == 'EBIKE') & tours.household_id.isin(households[(households.auto_ownership < households.num_adults) & (households.auto_ownership > 0)].index) & (get_tour_group(tours) == 'atwork') & (tours.tour_category != 'joint')]),False,-5,5,1,log_ratio,0.01,2,0.0
ESCOOTER calibration coefficient for auto-sufficient households' work individual tours,coef_calib_autosufficienthhin_ESCOOTER_work,len(tours[(tours.tour_mode == 'ESCOOTER') & tours.household_id.isin(households[(households.auto_ownership >= households.num_adults) & (households.auto_ownership > 0)].index) & (get_tour_group(tours) == 'work') & (tours.tour_category != 'joint')]),False,-5,5,1,log_ratio,0.01,2,0.0
EBIKE calibration coefficient for auto-sufficient households' work individual tours,coef_calib_autosufficienthhin_EBIKE_work,len(tours[(tours.tour_mode == 'EBIKE') & tours.household_id.isin(households[(households.auto_ownership >= households.num_adults) & (households.auto_ownership > 0)].index) & (get_tour_group(tours) == 'work') & (tours.tour_category != 'joint')]),False,-5,5,1,log_ratio,0.01,2,249.712356526178
ESCOOTER calibration coefficient for auto-sufficient households' univ individual tours,coef_calib_autosufficienthhin_ESCOOTER_univ,len(tours[(tours.tour_mode == 'ESCOOTER') & tours.household_id.isin(households[(households.auto_ownership >= households.num_adults) & (households.auto_ownership > 0)].index) & (get_tour_group(tours) == 'univ') & (tours.tour_category != 'joint')]),False,-5,5,1,log_ratio,0.01,2,0.0
EBIKE calibration coefficient for auto-sufficient households' univ individual tours,coef_calib_autosufficienthhin_EBIKE_univ,len(tours[(tours.tour_mode == 'EBIKE') & tours.household_id.isin(households[(households.auto_ownership >= households.num_adults) & (households.auto_ownership > 0)].index) & (get_tour_group(tours) == 'univ') & (tours.tour_category != 'joint')]),False,-5,5,1,log_ratio,0.01,2,0.0
ESCOOTER calibration coefficient for auto-sufficient households' school individual tours,coef_calib_autosufficienthhin_ESCOOTER_school,len(tours[(tours.tour_mode == 'ESCOOTER') & tours.household_id.isin(households[(households.auto_ownership >= households.num_adults) & (households.auto_ownership > 0)].index) & (get_tour_group(tours) == 'school') & (tours.tour_category != 'joint')]),False,-5,5,1,log_ratio,0.01,2,0.0
EBIKE calibration coefficient for auto-sufficient households' school individual tours,coef_calib_autosufficienthhin_EBIKE_school,len(tours[(tours.tour_mode == 'EBIKE') & tours.household_id.isin(households[(households.auto_ownership >= households.num_adults) & (households.auto_ownership > 0)].index) & (get_tour_group(tours) == 'school') & (tours.tour_category != 'joint')]),False,-5,5,1,log_ratio,0.01,2,277.262891367173
ESCOOTER calibration coefficient for auto-sufficient households' atwork individual tours,coef_calib_autosufficienthhin_ESCOOTER_atwork,len(tours[(tours.tour_mode == 'ESCOOTER') & tours.household_id.isin(households[(households.auto_ownership >= households.num_adults) & (households.auto_ownership > 0)].index) & (get_tour_group(tours) == 'atwork') & (tours.tour_category != 'joint')]),False,-5,5,1,log_ratio,0.01,2,0.0
EBIKE calibration coefficient for auto-sufficient households' atwork individual tours,coef_calib_autosufficienthhin_EBIKE_atwork,len(tours[(tours.tour_mode == 'EBIKE') & tours.household_id.isin(households[(households.auto_ownership >= households.num_adults) & (households.auto_ownership > 0)].index) & (get_tour_group(tours) == 'atwork') & (tours.tour_category != 'joint')]),False,-5,5,1,log_ratio,0.01,2,221.4217877836
